"","id","name","year_official","month_first_rating","year_first_rating","month_available","year_available"
"1",174430,"Gloomhaven",2017,9,2015,1,2017
"2",224517,"Brass: Birmingham",2018,4,2017,7,2018
"3",161936,"Pandemic Legacy: Season 1",2015,7,2014,10,2015
"4",342942,"Ark Nova",2021,7,2021,10,2021
"5",233078,"Twilight Imperium: Fourth Edition",2017,8,2017,8,2017
"6",167791,"Terraforming Mars",2016,11,2014,8,2016
"7",291457,"Gloomhaven: Jaws of the Lion",2020,10,2019,6,2020
"8",187645,"Star Wars: Rebellion",2016,11,2015,3,2016
"9",115746,"War of the Ring: Second Edition",2011,10,2012,10,2012
"10",162886,"Spirit Island",2017,8,2014,7,2017
"11",220308,"Gaia Project",2017,2,2017,10,2017
"12",182028,"Through the Ages: A New Story of Civilization",2015,8,2015,10,2015
"13",316554,"Dune: Imperium",2020,8,2020,11,2020
"14",193738,"Great Western Trail",2016,6,2016,10,2016
"15",12333,"Twilight Struggle",2005,1,2006,1,2006
"16",169786,"Scythe",2016,7,2015,4,2016
"17",84876,"The Castles of Burgundy",2011,10,2010,2,2011
"18",167355,"Nemesis",2018,2,2016,11,2018
"19",173346,"7 Wonders Duel",2015,5,2015,10,2015
"20",28720,"Brass: Lancashire",2007,5,2007,10,2007
"21",124361,"Concordia",2013,5,2012,10,2013
"22",177736,"A Feast for Odin",2016,1,2016,10,2016
"23",120677,"Terra Mystica",2012,5,2012,10,2012
"24",246900,"Eclipse: Second Dawn for the Galaxy",2020,2,2018,2,2020
"25",266507,"Clank!: Legacy – Acquisitions Incorporated",2019,12,2018,10,2019
"26",266192,"Wingspan",2019,11,2018,12,2018
"27",205637,"Arkham Horror: The Card Game",2016,8,2016,10,2016
"28",237182,"Root",2018,11,2017,7,2018
"29",312484,"Lost Ruins of Arnak",2020,7,2020,9,2020
"30",164928,"Orléans",2014,10,2014,10,2014
"31",199792,"Everdell",2018,1,2018,7,2018
"32",183394,"Viticulture Essential Edition",2015,9,2015,12,2015
"33",96848,"Mage Knight Board Game",2011,9,2011,10,2011
"34",251247,"Barrage",2019,5,2018,6,2019
"35",175914,"Food Chain Magnate",2015,5,2015,10,2015
"36",285774,"Marvel Champions: The Card Game",2019,8,2019,8,2019
"37",192135,"Too Many Bones",2017,2,2016,2,2017
"38",3076,"Puerto Rico",2002,4,2002,4,2002
"39",324856,"The Crew: Mission Deep Sea",2021,12,2020,3,2021
"40",102794,"Caverna: The Cave Farmers",2013,5,2012,10,2013
"41",256960,"Pax Pamir: Second Edition",2019,8,2018,6,2019
"42",170216,"Blood Rage",2015,1,2015,8,2015
"43",31260,"Agricola",2007,10,2007,10,2007
"44",247763,"Underwater Cities",2018,7,2018,10,2018
"45",185343,"Anachrony",2017,3,2016,2,2017
"46",221107,"Pandemic Legacy: Season 2",2017,3,2017,10,2017
"47",205059,"Mansions of Madness: Second Edition",2016,7,2016,8,2016
"48",276025,"Maracaibo",2019,4,2019,10,2019
"49",184267,"On Mars",2020,1,2017,10,2019
"50",295947,"Cascadia",2021,12,2019,7,2021
"51",284083,"The Crew: The Quest for Planet Nine",2019,8,2019,10,2019
"52",126163,"Tzolk'in: The Mayan Calendar",2012,6,2012,10,2012
"53",2651,"Power Grid",2004,11,2001,7,2003
"54",341169,"Great Western Trail (Second Edition)",2021,7,2021,8,2021
"55",521,"Crokinole",1876,8,2001,5,2001
"56",314040,"Pandemic Legacy: Season 0",2020,7,2020,7,2020
"57",216132,"Clans of Caledonia",2017,1,2017,9,2017
"58",161533,"Lisboa",2017,11,2014,6,2017
"59",164153,"Star Wars: Imperial Assault",2014,8,2014,11,2014
"60",35677,"Le Havre",2008,9,2008,10,2008
"61",244521,"The Quacks of Quedlinburg",2018,2,2018,4,2018
"62",55690,"Kingdom Death: Monster",2015,2,2013,9,2015
"63",209010,"Mechs vs. Minions",2016,9,2016,10,2016
"64",125153,"The Gallerist",2015,6,2012,10,2015
"65",266810,"Paladins of the West Kingdom",2019,12,2018,9,2019
"66",124742,"Android: Netrunner",2012,5,2012,8,2012
"67",230802,"Azul",2017,9,2017,10,2017
"68",284378,"Kanban EV",2020,8,2019,11,2020
"69",72125,"Eclipse",2011,11,2010,10,2011
"70",191189,"Aeon's End",2016,3,2016,10,2016
"71",28143,"Race for the Galaxy",2007,3,2007,11,2007
"72",255984,"Sleeping Gods",2021,2,2019,12,2020
"73",25613,"Through the Ages: A Story of Civilization",2006,10,2006,10,2006
"74",201808,"Clank!: A Deck-Building Adventure",2016,6,2016,8,2016
"75",182874,"Grand Austria Hotel",2015,9,2015,10,2015
"76",157354,"Five Tribes",2014,4,2014,8,2014
"77",180263,"The 7th Continent",2017,7,2015,7,2017
"78",159675,"Fields of Arle",2014,9,2014,10,2014
"79",200680,"Agricola (Revised Edition)",2016,5,2016,5,2016
"80",229853,"Teotihuacan: City of Gods",2018,3,2018,8,2018
"81",121921,"Robinson Crusoe: Adventures on the Cursed Island",2012,9,2012,10,2012
"82",171623,"The Voyages of Marco Polo",2015,2,2015,3,2015
"83",110327,"Lords of Waterdeep",2012,2,2012,3,2012
"84",68448,"7 Wonders",2010,4,2010,10,2010
"85",62219,"Dominant Species",2010,9,2010,9,2010
"86",264220,"Tainted Grail: The Fall of Avalon",2019,11,2018,10,2019
"87",236457,"Architects of the West Kingdom",2018,2,2018,10,2018
"88",253344,"Cthulhu: Death May Die",2019,5,2018,10,2019
"89",93,"El Grande",1995,5,2001,5,2001
"90",317985,"Beyond the Sun",2020,10,2020,11,2020
"91",122515,"Keyflower",2012,3,2012,10,2012
"92",18602,"Caylus",2005,10,2005,10,2005
"93",37111,"Battlestar Galactica: The Board Game",2008,8,2008,8,2008
"94",172386,"Mombasa",2015,4,2015,10,2015
"95",40834,"Dominion: Intrigue",2009,3,2009,5,2009
"96",73439,"Troyes",2010,10,2010,10,2010
"97",170042,"Raiders of the North Sea",2015,4,2015,11,2015
"98",146021,"Eldritch Horror",2013,8,2013,11,2013
"99",269385,"The Lord of the Rings: Journeys in Middle-Earth",2019,1,2019,3,2019
"100",42,"Tigris & Euphrates",1997,5,2001,5,2001
"101",203993,"Lorenzo il Magnifico",2016,9,2016,10,2016
"102",12493,"Twilight Imperium: Third Edition",2005,12,2004,2,2005
"103",225694,"Decrypto",2018,4,2017,2,2018
"104",231733,"Obsession",2018,10,2017,9,2018
"105",155821,"Inis",2016,6,2014,10,2016
"106",144733,"Russian Railroads",2013,8,2013,10,2013
"107",163412,"Patchwork",2014,8,2014,10,2014
"108",205896,"Rising Sun",2018,8,2016,11,2017
"109",279537,"The Search for Planet X",2020,5,2019,5,2020
"110",163068,"Trickerion: Legends of Illusion",2015,10,2014,10,2015
"111",102680,"Trajan",2011,8,2011,10,2011
"112",281259,"The Isle of Cats",2019,6,2019,1,2020
"113",36218,"Dominion",2008,5,2008,6,2008
"114",233371,"Clank! In! Space!: A Deck-Building Adventure",2017,8,2017,8,2017
"115",218417,"Aeon's End: War Eternal",2017,2,2017,9,2017
"116",178900,"Codenames",2015,6,2015,6,2015
"117",175640,"Vinhos: Deluxe Edition",2016,9,2015,10,2016
"118",132531,"Roll for the Galaxy",2014,11,2012,11,2014
"119",172287,"Champions of Midgard",2015,7,2015,10,2015
"120",196340,"Yokohama",2016,5,2016,2,2017
"121",198928,"Pandemic: Iberia",2016,7,2016,10,2016
"122",263918,"Cartographers",2019,1,2019,5,2019
"123",175155,"Forbidden Stars",2015,3,2015,6,2015
"124",30549,"Pandemic",2008,11,2007,2,2008
"125",266524,"PARKS",2019,1,2019,8,2019
"126",262712,"Res Arcana",2019,11,2018,2,2019
"127",4098,"Age of Steam",2002,11,2002,3,2003
"128",43015,"Hansa Teutonica",2009,10,2009,10,2009
"129",127023,"Kemet",2012,9,2012,2,2013
"130",2511,"Sherlock Holmes Consulting Detective: The Thames Murders & Other Cases",1982,10,2001,5,2001
"131",256916,"Concordia Venus",2018,8,2018,10,2018
"132",118048,"Targi",2012,2,2012,10,2012
"133",274364,"Watergate",2019,3,2019,7,2019
"134",233398,"Endeavor: Age of Sail",2018,8,2017,9,2018
"135",161970,"Alchemists",2014,7,2014,10,2014
"136",147020,"Star Realms",2014,11,2013,3,2014
"137",146652,"Legendary Encounters: An Alien Deck Building Game",2014,7,2014,8,2014
"138",271324,"It's a Wonderful World",2019,2,2019,10,2019
"139",217372,"The Quest for El Dorado",2017,3,2017,4,2017
"140",34635,"Stone Age",2008,2,2008,3,2008
"141",308765,"Praga Caput Regni",2020,8,2020,10,2020
"142",103885,"Star Wars: X-Wing Miniatures Game",2012,8,2011,8,2012
"143",14996,"Ticket to Ride: Europe",2005,3,2005,3,2005
"144",220877,"Rajas of the Ganges",2017,4,2017,10,2017
"145",254640,"Just One",2018,6,2018,8,2018
"146",233867,"Welcome To...",2018,10,2017,2,2018
"147",77423,"The Lord of the Rings: The Card Game",2011,8,2010,4,2011
"148",148949,"Istanbul",2014,2,2014,3,2014
"149",82222,"Xia: Legends of a Drift System",2014,5,2013,9,2014
"150",283948,"Marco Polo II: In the Service of the Khan",2019,7,2019,10,2019
"151",244522,"That's Pretty Clever!",2018,2,2018,3,2018
"152",296151,"Viscounts of the West Kingdom",2020,12,2019,2,2020
"153",9609,"War of the Ring",2004,3,2004,9,2004
"154",265188,"Glen More II: Chronicles",2019,1,2019,10,2019
"155",43111,"Chaos in the Old World",2009,6,2009,8,2009
"156",463,"Magic: The Gathering",1993,6,2001,5,2001
"157",287954,"Azul: Summer Pavilion",2019,9,2019,9,2019
"158",54043,"Jaipur",2009,10,2009,10,2009
"159",104162,"Descent: Journeys in the Dark (Second Edition)",2012,9,2011,7,2012
"160",328871,"Terraforming Mars: Ares Expedition",2021,1,2021,6,2021
"161",10630,"Memoir '44",2004,4,2004,6,2004
"162",188920,"This War of Mine: The Board Game",2017,5,2016,5,2017
"163",271055,"Dwellings of Eldervale",2020,3,2019,10,2020
"164",282524,"Horrified",2019,6,2019,8,2019
"165",189932,"Tyrants of the Underdark",2016,6,2016,6,2016
"166",39463,"Cosmic Encounter",2008,12,2008,12,2008
"167",17133,"Railways of the World",2005,8,2005,10,2005
"168",249259,"War Chest",2018,7,2018,8,2018
"169",128882,"The Resistance: Avalon",2012,8,2012,10,2012
"170",268864,"Undaunted: Normandy",2019,4,2019,8,2019
"171",155426,"Castles of Mad King Ludwig",2014,3,2014,10,2014
"172",70149,"Ora et Labora",2011,5,2010,10,2011
"173",199561,"Sagrada",2017,8,2016,4,2017
"174",150376,"Dead of Winter: A Crossroads Game",2014,11,2013,8,2014
"175",103343,"A Game of Thrones: The Board Game (Second Edition)",2011,9,2011,11,2011
"176",209418,"Dominion (Second Edition)",2016,9,2016,10,2016
"177",25021,"Sekigahara: The Unification of Japan",2011,11,2006,8,2011
"178",31627,"Ticket to Ride: Nordic Countries",2007,10,2007,10,2007
"179",123260,"Suburbia",2012,4,2012,10,2012
"180",14105,"Commands & Colors: Ancients",2006,1,2006,1,2006
"181",221194,"Dinosaur Island",2017,3,2017,10,2017
"182",104006,"Village",2011,10,2011,11,2011
"183",171131,"Captain Sonar",2016,3,2016,6,2016
"184",195421,"Near and Far",2017,4,2016,5,2017
"185",12,"Ra",1999,6,2001,5,2001
"186",310873,"Carnegie",2022,10,2020,11,2020
"187",283155,"Calico",2020,7,2019,8,2020
"188",242302,"Space Base",2018,12,2017,3,2018
"189",126042,"Nations",2013,6,2012,10,2013
"190",21050,"Combat Commander: Europe",2006,9,2006,12,2006
"191",182631,"Star Realms: Colony Wars",2015,9,2015,10,2015
"192",188,"Go",-2200,6,2001,5,2001
"193",294484,"Unmatched: Cobble & Fog",2020,12,2019,6,2020
"194",245638,"Coimbra",2018,1,2018,6,2018
"195",148228,"Splendor",2014,1,2014,2,2014
"196",283355,"Dune",2019,7,2019,7,2019
"197",91,"Paths of Glory",1999,5,2001,5,2001
"198",306735,"Under Falling Skies",2020,5,2020,10,2020
"199",215,"Tichu",1991,6,2001,5,2001
"200",822,"Carcassonne",2000,5,2001,5,2001
"201",224037,"Codenames: Duet",2017,4,2017,6,2017
"202",304783,"Hadrian's Wall",2021,5,2020,4,2021
"203",329082,"Radlands",2021,1,2021,10,2021
"204",146886,"La Granja",2014,4,2014,7,2014
"205",9209,"Ticket to Ride",2004,3,2004,3,2004
"206",223321,"Detective: A Modern Crime Board Game",2018,1,2018,7,2018
"207",7854,"YINSH",2003,10,2003,10,2003
"208",54998,"Cyclades",2009,10,2009,10,2009
"209",318977,"MicroMacro: Crime City",2020,9,2020,9,2020
"210",227224,"The Red Cathedral",2020,5,2017,10,2020
"211",300531,"Paleo",2020,9,2020,10,2020
"212",129437,"Legendary: A Marvel Deck Building Game",2012,9,2012,11,2012
"213",118,"Modern Art",1992,6,2001,5,2001
"214",293014,"Nidavellir",2020,11,2019,2,2020
"215",188834,"Secret Hitler",2016,11,2015,12,2015
"216",176189,"Zombicide: Black Plague",2015,4,2015,12,2015
"217",239188,"Chronicles of Crime",2018,1,2018,9,2018
"218",271896,"Star Wars: Outer Rim",2019,2,2019,4,2019
"219",109276,"Kanban: Driver's Edition",2014,10,2011,10,2014
"220",235802,"Too Many Bones: Undertow",2018,10,2017,8,2018
"221",169426,"Roll Player",2016,11,2015,9,2016
"222",156129,"Deception: Murder in Hong Kong",2014,5,2014,10,2015
"223",232832,"Century: Golem Edition",2017,8,2017,8,2017
"224",158600,"Hanamikoji",2013,12,2014,10,2016
"225",555,"The Princes of Florence",2000,6,2001,5,2001
"226",9216,"Goa",2004,4,2004,4,2004
"227",194655,"Santorini",2016,3,2016,11,2016
"228",192291,"Sushi Go Party!",2016,4,2016,6,2016
"229",285967,"Ankh: Gods of Egypt",2021,8,2019,5,2021
"230",146508,"T.I.M.E Stories",2015,3,2014,9,2015
"231",199478,"Flamme Rouge",2016,5,2016,10,2016
"232",295486,"My City",2020,1,2020,4,2020
"233",241451,"Aeon's End: Legacy",2019,12,2017,12,2018
"234",269207,"The Taverns of Tiefenthal",2019,1,2019,3,2019
"235",176494,"Isle of Skye: From Chieftain to King",2015,7,2015,7,2015
"236",274637,"Unmatched: Battle of Legends, Volume One",2019,3,2019,7,2019
"237",198994,"Hero Realms",2016,6,2016,10,2016
"238",19857,"Glory to Rome",2005,11,2005,11,2007
"239",20551,"Shogun",2006,10,2006,10,2006
"240",421,"1830: Railways & Robber Barons",1986,6,2001,5,2001
"241",31481,"Galaxy Trucker",2007,9,2007,10,2007
"242",228341,"Pulsar 2849",2017,6,2017,10,2017
"243",128621,"Viticulture",2013,9,2012,4,2013
"244",27708,"1960: The Making of the President",2007,7,2007,10,2007
"245",27833,"Steam",2009,9,2007,3,2009
"246",223040,"Fantasy Realms",2017,6,2017,8,2017
"247",155068,"Arcadia Quest",2014,3,2014,10,2014
"248",3,"Samurai",1998,6,2001,5,2001
"249",140620,"Lewis & Clark: The Expedition",2013,4,2013,10,2013
"250",127060,"Bora Bora",2013,10,2012,2,2013
"251",165722,"KLASK",2014,10,2014,3,2016
"252",232405,"Western Legends",2018,10,2017,8,2018
"253",314491,"Meadow",2021,2,2021,3,2021
"254",204583,"Kingdomino",2016,8,2016,10,2016
"255",300322,"Hallertau",2020,2,2020,11,2020
"256",286096,"Tapestry",2019,8,2019,8,2019
"257",144344,"Rococo",2013,9,2013,10,2013
"258",108745,"Seasons",2012,2,2012,8,2012
"259",92828,"Dixit: Odyssey",2011,5,2011,6,2011
"260",260605,"Camel Up (Second Edition)",2018,9,2018,10,2018
"261",760,"Battle Line",2000,5,2001,5,2001
"262",24181,"Imperial",2006,10,2006,10,2006
"263",155873,"Power Grid Deluxe: Europe/North America",2014,6,2014,10,2014
"264",176734,"The Manhattan Project: Energy Empire",2016,6,2015,11,2016
"265",97207,"Dungeon Petz",2011,4,2011,10,2011
"266",206718,"Ethnos",2017,3,2017,4,2017
"267",224783,"Vindication",2018,6,2017,11,2018
"268",66589,"Navegador",2010,5,2010,10,2010
"269",2655,"Hive",2000,1,2002,5,2001
"270",246784,"Cryptid",2018,3,2018,9,2018
"271",22545,"Age of Empires III: The Age of Discovery",2007,6,2006,5,2007
"272",19777,"Indonesia",2005,10,2005,11,2005
"273",302723,"Forgotten Waters",2020,2,2020,4,2020
"274",181279,"Fury of Dracula (Third/Fourth Edition)",2015,10,2015,10,2015
"275",38453,"Space Alert",2008,9,2008,10,2008
"276",154203,"Imperial Settlers",2014,7,2014,8,2014
"277",187617,"Nemo's War (Second Edition)",2017,11,2015,6,2017
"278",160477,"Onitama",2014,6,2014,3,2016
"279",93260,"Summoner Wars: Master Set",2011,2,2011,10,2011
"280",46213,"Telestrations",2009,11,2009,4,2010
"281",59294,"Runewars",2010,10,2009,1,2010
"282",54138,"Imperial 2030",2009,10,2009,10,2009
"283",48726,"Alien Frontiers",2010,9,2009,10,2010
"284",203420,"Exit: The Game – The Abandoned Cabin",2016,9,2016,10,2016
"285",13122,"Antiquity",2004,10,2004,11,2004
"286",143693,"Glass Road",2013,10,2013,10,2013
"287",139976,"Cthulhu Wars",2015,3,2013,1,2015
"288",230253,"Star Realms: Frontiers",2018,8,2017,7,2018
"289",222509,"Lords of Hellas",2018,3,2017,12,2017
"290",193037,"Dead of Winter: The Long Night",2016,2,2016,7,2016
"291",227789,"Heaven & Ale",2017,5,2017,10,2017
"292",209685,"Century: Spice Road",2017,5,2016,3,2017
"293",257499,"Arkham Horror (Third Edition)",2018,8,2018,10,2018
"294",244271,"Dice Throne: Season Two – Battle Chest",2018,2,2018,11,2018
"295",54,"Tikal",1999,5,2001,5,2001
"296",172081,"Burgle Bros.",2015,3,2015,11,2015
"297",136888,"Bruges",2013,1,2013,4,2013
"298",163967,"Tiny Epic Galaxies",2015,9,2014,9,2015
"299",156546,"Monikers",2015,4,2014,7,2015
"300",311193,"Anno 1800",2020,6,2020,10,2020
"301",140934,"Arboretum",2015,2,2015,3,2015
"302",2653,"Survive: Escape from Atlantis!",1982,3,2002,5,2001
"303",129622,"Love Letter",2012,8,2012,10,2012
"304",172818,"Above and Below",2015,3,2015,10,2015
"305",146439,"BattleLore: Second Edition",2013,8,2013,12,2013
"306",234,"Hannibal: Rome vs. Carthage",1996,6,2001,5,2001
"307",40692,"Small World",2009,2,2009,3,2009
"308",227935,"Wonderland's War",2022,8,2019,2,2022
"309",45315,"Dungeon Lords",2009,7,2009,10,2009
"310",5,"Acquire",1964,5,2001,5,2001
"311",188866,"Awkward Guests",2016,2,2016,9,2016
"312",77130,"Sid Meier's Civilization: The Board Game",2010,8,2010,10,2010
"313",184921,"Bunny Kingdom",2017,6,2016,8,2017
"314",59959,"Letters from Whitechapel",2011,10,2009,3,2011
"315",25292,"Merchants & Marauders",2010,9,2006,10,2010
"316",176920,"Mission: Red Planet (Second Edition)",2015,8,2015,10,2015
"317",181304,"Mysterium",2015,7,2015,8,2015
"318",39856,"Dixit",2008,1,2009,2,2009
"319",219513,"Bärenpark",2017,2,2017,4,2017
"320",21241,"Neuroshima Hex! 3.0",2006,2,2006,3,2007
"321",172,"For Sale",1997,6,2001,5,2001
"322",298047,"Marvel United",2020,2,2020,7,2020
"323",101721,"Mage Wars Arena",2012,8,2011,8,2012
"324",234277,"Nusfjord",2017,8,2017,10,2017
"325",297030,"Tekhenu: Obelisk of the Sun",2020,1,2020,7,2020
"326",163745,"Star Wars: Armada",2015,8,2014,3,2015
"327",285192,"Destinies",2021,7,2019,5,2021
"328",41114,"The Resistance",2009,3,2009,7,2010
"329",50,"Lost Cities",1999,6,2001,5,2001
"330",70919,"Takenoko",2011,3,2011,12,2011
"331",37046,"Ghost Stories",2008,9,2008,10,2008
"332",119890,"Agricola: All Creatures Big and Small",2012,2,2012,5,2012
"333",304420,"Bonfire",2020,7,2020,9,2020
"334",111341,"The Great Zimbabwe",2012,11,2011,10,2012
"335",234487,"Altiplano",2017,9,2017,10,2017
"336",199042,"Harry Potter: Hogwarts Battle",2016,6,2016,8,2016
"337",192458,"51st State: Master Set",2016,4,2016,5,2016
"338",245655,"The King's Dilemma",2019,7,2019,8,2019
"339",251661,"Oathsworn: Into the Deepwood",2022,6,2019,6,2022
"340",316377,"7 Wonders (Second Edition)",2020,8,2020,9,2020
"341",270633,"Aeon's End: The New Age",2019,2,2019,8,2019
"342",291572,"Oath: Chronicles of Empire and Exile",2021,10,2019,1,2021
"343",8217,"San Juan",2004,2,2004,2,2004
"344",246192,"Gizmos",2018,4,2018,7,2018
"345",299659,"Clash of Cultures: Monumental Edition",2021,1,2020,8,2021
"346",63888,"Innovation",2010,12,2009,4,2010
"347",47,"Chinatown",1999,5,2001,5,2001
"348",339789,"Welcome to the Moon",2021,6,2021,10,2021
"349",25554,"Notre Dame",2007,11,2006,3,2007
"350",182134,"Evolution: Climate",2016,12,2015,8,2016
"351",90137,"Blood Bowl: Team Manager – The Card Game",2011,8,2011,8,2011
"352",39683,"At the Gates of Loyang",2009,9,2009,9,2009
"353",17392,"Here I Stand",2006,2,2006,3,2006
"354",250458,"Gùgōng",2018,4,2018,10,2018
"355",1,"Die Macher",1986,6,2001,5,2001
"356",24480,"The Pillars of the Earth",2006,9,2006,10,2006
"357",244711,"Newton",2018,2,2018,8,2018
"358",245934,"Carpe Diem",2018,8,2018,9,2018
"359",310100,"Nemesis: Lockdown",2022,5,2020,1,2022
"360",128271,"Ginkgopolis",2012,10,2012,10,2012
"361",319966,"The King Is Dead: Second Edition",2020,9,2020,10,2020
"362",33160,"Endeavor",2009,12,2007,8,2009
"363",155987,"Abyss",2014,5,2014,8,2014
"364",9217,"Saint Petersburg",2004,4,2004,4,2004
"365",297562,"Kemet: Blood and Sand",2021,1,2020,4,2021
"366",260428,"Pandemic: Fall of Rome",2018,9,2018,10,2018
"367",215311,"Downforce",2017,1,2017,7,2017
"368",31594,"In the Year of the Dragon",2007,9,2007,10,2007
"369",195539,"The Godfather: Corleone's Empire",2017,3,2016,6,2017
"370",40354,"Maria",2009,8,2009,10,2009
"371",144592,"Bruxelles 1893",2013,10,2013,10,2013
"372",70323,"King of Tokyo",2011,9,2010,4,2011
"373",265736,"Tiny Towns",2019,11,2018,3,2019
"374",269210,"Twice as Clever!",2019,1,2019,1,2019
"375",21348,"Ticket to Ride: Märklin",2006,3,2006,3,2006
"376",256226,"Azul: Stained Glass of Sintra",2018,7,2018,10,2018
"377",204305,"Sherlock Holmes Consulting Detective: Jack the Ripper & West End Adventures",2016,10,2016,2,2017
"378",236191,"London (Second Edition)",2017,9,2017,10,2017
"379",166669,"San Juan (Second Edition)",2014,11,2014,12,2014
"380",71,"Civilization",1980,5,2001,5,2001
"381",154809,"Nippon",2015,5,2015,10,2015
"382",40765,"Clash of Cultures",2012,6,2009,10,2012
"383",186751,"Mythic Battles: Pantheon",2017,1,2016,10,2017
"384",194594,"Dice Forge",2017,3,2016,6,2017
"385",15987,"Arkham Horror",2005,6,2005,7,2005
"386",198773,"Codenames: Pictures",2016,4,2016,6,2016
"387",170771,"Sword & Sorcery",2017,10,2015,6,2017
"388",121,"Dune",1979,5,2001,5,2001
"389",161614,"Stockpile",2015,7,2014,6,2015
"390",54625,"Space Hulk (Third Edition)",2009,8,2009,8,2009
"391",36932,"Claustrophobia",2009,12,2009,12,2009
"392",243,"Advanced Squad Leader",1985,5,2001,5,2001
"393",372,"Schotten Totten",1999,6,2001,5,2001
"394",256680,"Return to Dark Tower",2022,8,2018,1,2022
"395",55670,"Macao",2009,10,2009,10,2009
"396",229220,"Santa Maria",2017,7,2017,10,2017
"397",124708,"Mice and Mystics",2012,6,2012,10,2012
"398",301880,"Raiders of Scythia",2020,2,2020,8,2020
"399",138161,"Firefly: The Game",2013,6,2013,8,2013
"400",318084,"Furnace",2020,8,2020,10,2020
"401",128671,"Spartacus: A Game of Blood and Treachery",2012,8,2012,8,2012
"402",251658,"Sprawlopolis",2018,5,2018,8,2018
"403",66188,"Fresco",2010,3,2010,4,2010
"404",63628,"The Manhattan Project",2012,8,2011,2,2012
"405",150145,"Skull King",2013,10,2013,12,2015
"406",246684,"Smartphone Inc.",2018,8,2018,10,2018
"407",318184,"Imperium: Classics",2021,3,2021,5,2021
"408",323612,"Bitoku",2021,11,2020,10,2021
"409",215341,"Thunderstone Quest",2018,12,2016,2,2018
"410",151347,"Millennium Blades",2016,4,2015,4,2016
"411",92415,"Skull",2011,2,2011,2,2011
"412",34219,"Biblios",2007,1,2008,1,2008
"413",100901,"Flash Point: Fire Rescue",2011,6,2011,10,2011
"414",291453,"SCOUT",2019,11,2019,4,2021
"415",202426,"Sidereal Confluence",2017,8,2016,8,2017
"416",262543,"Wavelength",2019,10,2018,11,2019
"417",277085,"Love Letter",2019,5,2019,7,2019
"418",27162,"Kingsburg",2007,12,2006,8,2007
"419",270844,"Imperial Settlers: Empires of the North",2019,7,2019,7,2019
"420",11170,"Heroscape Master Set: Rise of the Valkyrie",2004,8,2004,8,2004
"421",66362,"Glen More",2010,4,2010,4,2010
"422",96913,"Lancaster",2011,4,2011,5,2011
"423",79828,"A Few Acres of Snow",2011,4,2011,7,2011
"424",262211,"Cloudspire",2019,10,2018,8,2019
"425",176396,"Quadropolis",2016,4,2015,2,2016
"426",192153,"Pandemic: Reign of Cthulhu",2016,2,2016,8,2016
"427",298069,"Cubitos",2021,3,2020,1,2021
"428",274960,"Point Salad",2019,3,2019,7,2019
"429",18833,"Lord of the Rings: The Confrontation",2005,12,2005,1,2006
"430",197376,"Charterstone",2017,9,2016,10,2017
"431",150,"PitchCar",1995,6,2001,5,2001
"432",293141,"King of Tokyo: Dark Edition",2020,11,2019,4,2020
"433",137408,"Amerigo",2013,5,2013,10,2013
"434",258210,"Blitzkrieg!: World War Two in 20 Minutes",2019,11,2018,10,2019
"435",15985,"Blood Bowl: Living Rulebook",2004,2,2005,12,2005
"436",171,"Chess",1475,6,2001,5,2001
"437",256730,"Pipeline",2019,7,2018,6,2019
"438",25417,"BattleLore",2006,10,2006,10,2006
"439",264241,"Mandala",2019,1,2019,9,2019
"440",194607,"Mystic Vale",2016,3,2016,6,2016
"441",305096,"Endless Winter: Paleoamericans",2022,5,2020,10,2020
"442",150658,"Pandemic: The Cure",2014,11,2013,10,2014
"443",105134,"Risk Legacy",2011,9,2011,11,2011
"444",274638,"Unmatched: Robin Hood vs. Bigfoot",2019,3,2019,10,2019
"445",62222,"Commands & Colors: Napoleonics",2010,6,2010,12,2010
"446",169427,"Middara: Unintentional Malum – Act 1",2019,5,2015,3,2019
"447",260180,"Project L",2020,9,2018,8,2020
"448",156858,"Black Orchestra",2016,5,2016,11,2016
"449",5404,"Amun-Re",2003,4,2003,4,2003
"450",157969,"Sheriff of Nottingham",2014,6,2014,8,2014
"451",233312,"Stuffed Fables",2018,8,2017,2,2018
"452",295374,"Long Shot: The Dice Game",2022,12,2019,2,2022
"453",17226,"Descent: Journeys in the Dark",2005,8,2005,10,2005
"454",226522,"Exit: The Game – Dead Man on the Orient Express",2017,7,2017,11,2017
"455",146791,"Shadows of Brimstone: City of the Ancients",2014,11,2013,9,2014
"456",83330,"Mansions of Madness",2011,10,2010,2,2011
"457",290236,"Canvas",2021,11,2019,1,2021
"458",136063,"Forbidden Desert",2013,1,2013,5,2013
"459",712,"Blood Bowl (Third Edition)",1994,5,2001,5,2001
"460",158899,"Colt Express",2014,7,2014,10,2014
"461",128996,"1775: Rebellion",2013,12,2012,8,2013
"462",162082,"Deus",2014,7,2014,10,2014
"463",478,"Citadels",2000,6,2001,5,2001
"464",177639,"Raptor",2015,6,2015,10,2015
"465",98778,"Hanabi",2010,7,2011,10,2011
"466",144189,"Fire in the Lake",2014,8,2013,8,2014
"467",62227,"Labyrinth: The War on Terror, 2001 – ?",2010,3,2010,11,2010
"468",205398,"Citadels",2016,8,2016,12,2016
"469",20437,"Lords of Vegas",2010,1,2010,8,2010
"470",15062,"Shadows over Camelot",2005,4,2005,5,2005
"471",232414,"Oceans",2020,8,2017,1,2020
"472",284742,"Honey Buzz",2020,7,2019,11,2020
"473",240196,"Betrayal Legacy",2018,4,2018,11,2018
"474",43570,"Friday",2011,4,2011,10,2011
"475",269144,"Hadara",2019,2,2019,3,2019
"476",193042,"Junk Art",2016,4,2016,8,2016
"477",12942,"No Thanks!",2004,9,2004,10,2004
"478",13,"CATAN",1995,6,2001,5,2001
"479",245654,"Railroad Ink: Deep Blue Edition",2018,6,2018,8,2018
"480",191862,"Imhotep",2016,3,2016,4,2016
"481",17405,"1846: The Race for the Midwest",2005,7,2005,6,2010
"482",119506,"Freedom: The Underground Railroad",2013,2,2012,11,2013
"483",180974,"Potion Explosion",2015,10,2015,10,2015
"484",262215,"Blackout: Hong Kong",2018,10,2018,10,2018
"485",206941,"First Class: All Aboard the Orient Express!",2016,10,2016,10,2016
"486",95527,"Madeira",2013,5,2013,10,2013
"487",97786,"Small World Underground",2011,6,2011,6,2011
"488",65781,"London",2010,6,2010,10,2010
"489",144797,"Argent: The Consortium",2015,11,2013,3,2015
"490",21790,"Thurn and Taxis",2006,2,2006,3,2006
"491",11,"Bohnanza",1997,5,2001,5,2001
"492",256952,"Zombie Kidz Evolution",2018,11,2018,1,2019
"493",36553,"Time's Up! Title Recall!",2008,7,2008,8,2008
"494",171668,"The Grizzled",2015,2,2015,8,2015
"495",127398,"Legends of Andor",2012,8,2012,9,2012
"496",105551,"Archipelago",2012,2,2012,10,2012
"497",221965,"The Fox in the Forest",2017,3,2017,7,2017
"498",156009,"Port Royal",2014,3,2014,4,2014
"499",125618,"Libertalia",2012,5,2012,8,2012
"500",123123,"BattleCON: Devastation of Indines",2013,12,2012,11,2013
"501",142379,"Escape Plan",2019,8,2013,4,2019
"502",175095,"Dawn of the Zeds (Third Edition)",2016,5,2015,6,2016
"503",9674,"Ingenious",2004,3,2004,4,2004
"504",329839,"So Clover!",2021,4,2021,7,2021
"505",31999,"TZAAR",2007,9,2007,10,2007
"506",216600,"Fantastic Factories",2019,2,2017,10,2019
"507",133848,"Euphoria: Build a Better Dystopia",2013,4,2013,11,2013
"508",875,"Roads & Boats",1999,6,2001,5,2001
"509",90419,"Airlines Europe",2011,1,2011,3,2011
"510",332800,"Summoner Wars (Second Edition)",2021,3,2021,3,2021
"511",247367,"Air, Land, & Sea",2019,9,2018,6,2019
"512",343905,"Boonlake",2021,8,2021,10,2021
"513",102652,"Sentinels of the Multiverse",2011,7,2011,8,2011
"514",163968,"Elysium",2015,10,2014,3,2015
"515",6249,"Alhambra",2003,5,2003,5,2003
"516",147949,"One Night Ultimate Werewolf",2014,10,2013,11,2013
"517",31730,"Chicago Express",2007,10,2007,10,2007
"518",366013,"Heat: Pedal to the Metal",2022,6,2022,10,2022
"519",18,"RoboRally",1994,6,2001,5,2001
"520",58421,"Egizia",2009,10,2009,10,2009
"521",133473,"Sushi Go!",2013,11,2012,7,2013
"522",27173,"Vikings",2007,3,2007,3,2007
"523",42052,"Vinhos",2010,4,2009,10,2010
"524",91312,"Discworld: Ankh-Morpork",2011,1,2011,9,2011
"525",252328,"Star Wars: X-Wing (Second Edition)",2018,5,2018,9,2018
"526",232043,"Queendomino",2017,8,2017,9,2017
"527",181530,"Runebound (Third Edition)",2015,8,2015,11,2015
"528",34119,"Tales of the Arabian Nights",2009,6,2009,6,2009
"529",97842,"Last Will",2011,5,2011,10,2011
"530",128780,"Pax Porfiriana",2012,9,2012,11,2012
"531",475,"Taj Mahal",2000,6,2001,5,2001
"532",151022,"Baseball Highlights: 2045",2015,11,2013,2,2015
"533",153938,"Camel Up",2014,3,2014,3,2014
"534",84419,"Space Empires 4X",2011,5,2011,8,2011
"535",196326,"Love Letter: Premium Edition",2016,3,2016,10,2016
"536",183251,"Karuba",2015,9,2015,10,2015
"537",22827,"StarCraft: The Board Game",2007,8,2007,8,2007
"538",192836,"The Colonists",2016,10,2016,10,2016
"539",170561,"Valeria: Card Kingdoms",2016,12,2014,1,2016
"540",133038,"Pathfinder Adventure Card Game: Rise of the Runelords – Base Set",2013,3,2013,8,2013
"541",27746,"Colosseum",2007,3,2007,3,2007
"542",303057,"Pan Am",2020,2,2020,6,2020
"543",245961,"Fleet: The Dice Game",2018,3,2018,12,2018
"544",284435,"Nova Luna",2019,8,2019,10,2019
"545",220,"High Society",1995,6,2001,5,2001
"546",28023,"Jamaica",2007,10,2007,12,2007
"547",141572,"Paperback",2014,8,2013,2,2014
"548",15363,"Nexus Ops",2005,5,2005,6,2005
"549",2346,"DVONN",2001,11,2001,4,2002
"550",117959,"Las Vegas",2012,4,2012,4,2012
"551",159508,"AquaSphere",2014,5,2014,10,2014
"552",265402,"In the Hall of the Mountain King",2019,11,2018,12,2019
"553",258779,"Planet Unknown",2022,10,2019,3,2022
"554",503,"Through the Desert",1998,6,2001,5,2001
"555",172308,"Broom Service",2015,3,2015,5,2015
"556",218603,"Photosynthesis",2017,5,2017,7,2017
"557",248490,"Atlantis Rising (Second Edition)",2019,3,2018,10,2019
"558",4390,"Carcassonne: Hunters and Gatherers",2002,10,2002,10,2002
"559",206480,"Imperial Struggle",2020,8,2016,6,2020
"560",3685,"Hammer of the Scots",2002,9,2002,6,2003
"561",155703,"Evolution",2014,4,2014,10,2014
"562",42215,"Tobago",2009,9,2009,9,2009
"563",39351,"Automobile",2009,1,2009,4,2009
"564",9625,"Struggle of Empires",2004,10,2004,10,2004
"565",160010,"Conan",2016,6,2014,10,2016
"566",239942,"Black Rose Wars",2019,2,2018,3,2019
"567",216734,"Dice Throne: Season One",2018,1,2017,11,2017
"568",39938,"Carson City",2009,10,2009,10,2009
"569",270673,"Silver & Gold",2019,2,2019,4,2019
"570",315767,"Cartographers Heroes",2021,9,2020,8,2021
"571",140603,"Francis Drake",2013,3,2013,9,2013
"572",6472,"A Game of Thrones",2003,7,2003,9,2003
"573",205359,"Star Wars: Destiny",2016,7,2016,10,2016
"574",283393,"Aquatica",2019,9,2019,10,2019
"575",193949,"Star Trek: Ascendancy",2016,6,2016,8,2016
"576",212445,"Blood Bowl (2016 Edition)",2016,11,2016,11,2016
"577",264055,"Draftosaurus",2019,11,2018,3,2019
"578",183562,"Star Wars: X-Wing Miniatures Game – The Force Awakens Core Set",2015,9,2015,9,2015
"579",42776,"Gears of War: The Board Game",2011,5,2011,8,2011
"580",322708,"Descent: Legends of the Dark",2021,10,2020,4,2021
"581",130960,"Triumph & Tragedy: European Balance of Power 1936-1945",2015,10,2012,8,2015
"582",269511,"Cooper Island",2019,3,2019,10,2019
"583",169255,"A Game of Thrones: The Card Game (Second Edition)",2015,6,2015,8,2015
"584",131357,"Coup",2012,10,2012,10,2012
"585",143519,"Quantum",2013,10,2013,10,2013
"586",113924,"Zombicide",2012,6,2012,8,2012
"587",135219,"The Battle of Five Armies",2014,1,2014,8,2014
"588",30869,"Thebes",2007,7,2007,7,2007
"589",266121,"Unlock!: Heroic Adventures",2018,12,2018,12,2018
"590",174785,"Mare Nostrum: Empires",2016,5,2015,6,2016
"591",257501,"KeyForge: Call of the Archons",2018,8,2018,8,2018
"592",290359,"Undaunted: North Africa",2020,9,2019,7,2020
"593",224710,"Zombicide: Green Horde",2018,4,2017,1,2018
"594",119432,"Snowdonia",2012,5,2012,10,2012
"595",37904,"Formula D",2008,10,2008,10,2008
"596",198953,"Pax Renaissance",2016,5,2016,10,2016
"597",10547,"Betrayal at House on the Hill",2004,9,2004,9,2004
"598",1353,"Time's Up!",1999,7,2002,5,2001
"599",336986,"Flamecraft",2022,6,2021,8,2022
"600",111799,"Cuba Libre",2013,10,2012,9,2013
"601",5782,"Coloretto",2003,4,2003,5,2003
"602",1513,"The Republic of Rome",1990,6,2001,5,2001
"603",170624,"Crusaders: Thy Will Be Done",2018,6,2017,12,2018
"604",24508,"Taluva",2006,10,2006,10,2006
"605",46,"Medici",1995,6,2001,5,2001
"606",163166,"One Night Ultimate Werewolf: Daybreak",2015,9,2014,11,2014
"607",177478,"IKI",2015,5,2015,10,2015
"608",209778,"Magic Maze",2017,11,2016,3,2017
"609",121408,"Trains",2012,5,2012,7,2013
"610",73171,"Earth Reborn",2010,9,2010,12,2010
"611",296912,"Fort",2020,12,2019,7,2020
"612",432,"6 nimmt!",1994,5,2001,5,2001
"613",13004,"The Downfall of Pompeii",2004,10,2004,10,2004
"614",180511,"Shakespeare",2015,7,2015,9,2015
"615",3201,"Lord of the Rings: The Confrontation",2002,6,2002,8,2002
"616",58281,"Summoner Wars",2009,11,2009,11,2009
"617",21763,"Mr. Jack",2006,1,2006,10,2006
"618",50750,"Belfort",2011,8,2009,9,2011
"619",699,"HeroQuest",1989,6,2001,5,2001
"620",171499,"Cacao",2015,1,2015,2,2015
"621",107529,"Kingdom Builder",2011,9,2011,10,2011
"622",258036,"Between Two Castles of Mad King Ludwig",2018,8,2018,9,2018
"623",30380,"Cuba",2007,10,2007,10,2007
"624",190082,"Whitehall Mystery",2017,5,2017,8,2017
"625",100423,"Elder Sign",2011,8,2011,8,2011
"626",121288,"Dixit: Journey",2012,2,2012,6,2012
"627",70512,"Luna",2010,5,2010,10,2010
"628",244115,"Shards of Infinity",2018,3,2018,4,2018
"629",150997,"Shadows of Brimstone: Swamps of Death",2014,11,2013,10,2014
"630",266830,"QE",2019,1,2019,7,2019
"631",271518,"Disney Villainous: Wicked to the Core",2019,2,2019,3,2019
"632",88,"Torres",1999,5,2001,5,2001
"633",113294,"Escape: The Curse of the Temple",2012,2,2012,10,2012
"634",203416,"Exit: The Game – The Pharaoh's Tomb",2016,10,2016,10,2016
"635",126792,"Myrmes",2012,7,2012,10,2012
"636",284189,"Foundations of Rome",2022,8,2019,3,2022
"637",340466,"Unfathomable",2021,6,2021,8,2021
"638",153016,"Telestrations: 12 Player Party Pack",2011,1,2014,2,2014
"639",20963,"Fury of Dracula (Second Edition)",2005,12,2005,12,2005
"640",134726,"Smash Up: Awesome Level 9000",2013,1,2013,4,2013
"641",160495,"ZhanGuo",2014,8,2014,10,2014
"642",213893,"Yamataï",2017,11,2016,2,2017
"643",123540,"Tokaido",2012,8,2012,10,2012
"644",163839,"Feudum",2017,5,2016,3,2018
"645",233247,"Civilization: A New Dawn",2017,8,2017,11,2017
"646",87890,"Prêt-à-Porter",2010,12,2010,10,2011
"647",318182,"Imperium: Legends",2021,4,2021,5,2021
"648",193558,"The Oracle of Delphi",2016,5,2016,10,2016
"649",116998,"Thunderstone Advance: Towers of Ruin",2012,1,2012,3,2012
"650",65532,"Defenders of the Realm",2010,1,2010,7,2010
"651",240980,"Blood on the Clocktower",2022,11,2017,3,2019
"652",552,"Bus",1999,11,2001,5,2001
"653",165401,"Wir sind das Volk!",2014,10,2014,10,2014
"654",173064,"Leaving Earth",2015,6,2015,9,2015
"655",155624,"Specter Ops",2015,1,2015,4,2015
"656",135779,"A Fake Artist Goes to New York",2011,3,2013,6,2015
"657",242639,"Treasure Island",2018,12,2017,10,2018
"658",2955,"Mexica",2002,3,2002,8,2002
"659",154825,"Arkwright",2014,10,2014,10,2014
"660",146278,"Tash-Kalar: Arena of Legends",2013,8,2013,10,2013
"661",2398,"Cribbage",1630,10,2001,5,2001
"662",338834,"MicroMacro: Crime City – Full House",2021,5,2021,9,2021
"663",69789,"Ascension: Deckbuilding Game",2010,6,2010,8,2010
"664",132018,"Churchill",2015,10,2012,8,2015
"665",168584,"Love Letter: Batman",2015,2,2015,3,2015
"666",156336,"Onirim (Second Edition)",2014,3,2014,11,2014
"667",162007,"Steampunk Rally",2015,10,2014,8,2015
"668",231581,"AuZtralia",2018,7,2017,10,2018
"669",306040,"Merv: The Heart of the Silk Road",2020,4,2020,11,2020
"670",181521,"Warhammer Quest: The Adventure Card Game",2015,9,2015,11,2015
"671",7717,"Carcassonne: The Castle",2003,10,2003,10,2003
"672",270970,"Century: A New World",2019,1,2019,6,2019
"673",226320,"My Little Scythe",2017,5,2017,7,2018
"674",15364,"Vegas Showdown",2005,10,2005,10,2005
"675",72321,"The Networks",2016,9,2014,6,2016
"676",3307,"Wallenstein",2002,6,2002,4,2003
"677",280794,"Etherfields",2020,5,2019,10,2020
"678",143741,"BANG! The Dice Game",2013,10,2013,10,2013
"679",284760,"Disney Villainous: Evil Comes Prepared",2019,7,2019,7,2019
"680",232219,"Dragon Castle",2017,8,2017,10,2017
"681",73761,"K2",2010,7,2010,10,2010
"682",9823,"Advanced Squad Leader: Starter Kit #1",2004,2,2004,4,2004
"683",293296,"Splendor: Marvel",2020,12,2019,9,2020
"684",241724,"Villagers",2019,5,2018,5,2019
"685",71721,"Space Hulk: Death Angel – The Card Game",2010,6,2010,8,2010
"686",167400,"Ashes Reborn: Rise of the Phoenixborn",2015,6,2015,7,2015
"687",283864,"Trails of Tucana",2019,10,2019,10,2019
"688",214880,"City of the Big Shoulders",2019,12,2016,8,2019
"689",242574,"Century: Eastern Wonders",2018,12,2017,5,2018
"690",300300,"Chronicles of Crime: 1400",2020,2,2020,11,2020
"691",22345,"Yspahan",2006,9,2006,10,2006
"692",55600,"Shipyard",2009,10,2009,10,2009
"693",183840,"Oh My Goods!",2015,10,2015,10,2015
"694",256382,"Disney Villainous",2018,7,2018,7,2018
"695",281442,"Trismegistus: The Ultimate Formula",2019,7,2019,10,2019
"696",249381,"The Estates",2018,4,2018,10,2018
"697",31563,"Middle-Earth Quest",2009,5,2009,8,2009
"698",168435,"Between Two Cities",2015,11,2014,10,2015
"699",244114,"Yellow & Yangtze",2018,1,2018,8,2018
"700",143515,"Coal Baron",2013,6,2013,10,2013
"701",283863,"The Magnificent",2019,10,2019,10,2019
"702",483,"Diplomacy",1959,6,2001,5,2001
"703",68425,"Eminent Domain",2011,3,2010,8,2011
"704",20100,"Wits & Wagers",2005,11,2005,11,2005
"705",255692,"New Frontiers",2018,7,2018,12,2018
"706",214887,"CO₂: Second Chance",2018,2,2017,11,2018
"707",173442,"Empires: Age of Discovery",2015,3,2015,8,2015
"708",244228,"Reef",2018,1,2018,6,2018
"709",586,"Up Front",1983,6,2001,5,2001
"710",286751,"Zombicide: 2nd Edition",2021,8,2019,4,2021
"711",218074,"Detective: City of Angels",2019,3,2017,6,2019
"712",2163,"Space Hulk",1989,8,2001,5,2001
"713",280480,"Crystal Palace",2019,5,2019,10,2019
"714",179803,"Arcadia Quest: Inferno",2017,11,2015,1,2017
"715",201825,"Ex Libris",2017,6,2017,8,2017
"716",192457,"Cry Havoc",2016,7,2016,7,2016
"717",292375,"The Great Wall",2021,10,2019,9,2021
"718",220520,"Caverna: Cave vs Cave",2017,5,2017,5,2017
"719",301255,"Whistle Mountain",2020,5,2020,10,2020
"720",156943,"Saint Petersburg (Second Edition)",2014,3,2014,10,2014
"721",21882,"Blue Moon City",2006,3,2006,3,2006
"722",200147,"Kanagawa",2016,7,2016,10,2016
"723",47185,"Warhammer: Invasion",2009,8,2009,8,2009
"724",162286,"Super Motherload",2015,10,2014,2,2015
"725",43528,"World Without End",2009,9,2009,10,2009
"726",36235,"The Duke",2013,6,2012,6,2013
"727",169654,"Deep Sea Adventure",2014,11,2014,1,2015
"728",170416,"Vast: The Crystal Caverns",2016,8,2015,8,2016
"729",218333,"Rhino Hero: Super Battle",2017,4,2017,8,2017
"730",137988,"Zombicide Season 2: Prison Outbreak",2013,4,2013,9,2013
"731",26997,"1989: Dawn of Freedom",2012,11,2009,5,2012
"732",204516,"878 Vikings: Invasions of England",2017,11,2016,8,2017
"733",230244,"Black Angel",2019,3,2018,7,2019
"734",158435,"Dogs of War",2014,4,2014,9,2014
"735",2453,"Blokus",2000,12,2001,5,2001
"736",40628,"Finca",2009,3,2009,4,2009
"737",203417,"Exit: The Game – The Secret Lab",2016,9,2016,10,2016
"738",160499,"King of New York",2014,6,2014,8,2014
"739",356033,"Libertalia: Winds of Galecrest",2022,2,2022,2,2022
"740",202670,"Ticket to Ride: Rails & Sails",2016,6,2016,8,2016
"741",251678,"Railroad Ink: Blazing Red Edition",2018,6,2018,10,2018
"742",204472,"Sub Terra",2017,7,2016,10,2017
"743",198830,"Heroes of Land, Air & Sea",2018,4,2016,3,2018
"744",220517,"The Shipwreck Arcana",2017,8,2017,2,2018
"745",300877,"New York Zoo",2020,7,2020,9,2020
"746",131287,"Panamax",2014,6,2013,8,2014
"747",279613,"Unlock!: Timeless Adventures",2019,6,2019,11,2019
"748",110277,"Among the Stars",2012,5,2012,10,2012
"749",180593,"The Bloody Inn",2015,10,2015,10,2015
"750",273330,"Bloodborne: The Board Game",2021,4,2019,12,2020
"751",171273,"FUSE",2015,8,2015,11,2015
"752",79127,"Star Trek: Fleet Captains",2011,8,2011,9,2011
"753",256570,"Crown of Emara",2018,9,2018,10,2018
"754",318009,"Dinosaur Island: Rawr 'n Write",2021,9,2020,9,2021
"755",91872,"Dungeons & Dragons: The Legend of Drizzt Board Game",2011,3,2011,10,2011
"756",45,"Perudo",1800,8,2001,5,2001
"757",1035,"Squad Leader",1977,6,2001,5,2001
"758",51,"Ricochet Robots",1999,5,2001,5,2001
"759",41,"Can't Stop",1980,5,2001,5,2001
"760",244608,"Menara",2018,3,2018,4,2018
"761",156566,"Lords of Xidit",2014,6,2014,8,2014
"762",117915,"Yedo",2012,5,2012,10,2012
"763",197443,"Fugitive",2017,5,2016,2,2017
"764",12002,"Jambo",2004,10,2004,10,2004
"765",41002,"Vasco da Gama",2009,8,2009,9,2009
"766",30957,"Tribune: Primus Inter Pares",2007,9,2007,10,2007
"767",161417,"Red7",2014,6,2014,10,2014
"768",38996,"Washington's War",2010,8,2009,3,2010
"769",181687,"The Pursuit of Happiness",2015,10,2015,5,2016
"770",191051,"Outlive",2017,2,2016,5,2017
"771",194879,"Not Alone",2016,3,2016,10,2016
"772",252153,"Tang Garden",2019,5,2018,2,2020
"773",179275,"One Deck Dungeon",2016,7,2015,12,2016
"774",217780,"Gentes",2017,7,2017,8,2017
"775",12962,"Reef Encounter",2004,10,2004,10,2004
"776",218121,"Dice Hospital",2018,6,2017,10,2018
"777",163602,"XCOM: The Board Game",2015,8,2014,1,2015
"778",177590,"13 Days: The Cuban Missile Crisis, 1962",2016,6,2015,3,2016
"779",336794,"Galaxy Trucker",2021,4,2021,9,2021
"780",298383,"Golem",2021,3,2020,9,2021
"781",528,"ZÈRTZ",1999,8,2001,5,2001
"782",145659,"Scoville",2014,8,2013,12,2014
"783",24800,"Conflict of Heroes: Awakening the Bear! – Russia 1941-42",2008,6,2008,6,2008
"784",30645,"Tammany Hall",2007,11,2007,10,2009
"785",234671,"Pandemic: Rising Tide",2017,9,2017,12,2017
"786",175117,"Celestia",2015,10,2015,10,2015
"787",103886,"Star Wars: The Card Game",2012,8,2011,12,2012
"788",218479,"Cerebria: The Inside World",2018,2,2017,10,2018
"789",179172,"Unfair",2017,4,2016,3,2017
"790",15512,"Incan Gold",2005,2,2005,3,2005
"791",12891,"Friedrich",2004,12,2004,2,2005
"792",16747,"Tumblin' Dice",2004,6,2005,7,2006
"793",176165,"Dale of Merchants",2015,5,2015,12,2015
"794",166384,"Spyfall",2014,10,2014,10,2014
"795",137269,"Spyrium",2013,4,2013,8,2013
"796",276498,"Paris: La Cité de la Lumière",2019,5,2019,10,2019
"797",244992,"The Mind",2018,2,2018,2,2018
"798",12902,"Carcassonne: The City",2004,10,2004,11,2004
"799",148575,"Marvel Dice Masters: Avengers vs. X-Men",2014,2,2014,4,2014
"800",119788,"Hyperborea",2014,1,2014,8,2014
"801",316412,"The LOOP",2020,9,2020,11,2020
"802",304051,"Creature Comforts",2022,5,2020,2,2022
"803",35570,"Tinners' Trail",2008,5,2008,6,2008
"804",244331,"Blue Lagoon",2018,1,2018,8,2018
"805",122298,"Morels",2012,5,2012,6,2012
"806",94,"Union Pacific",1999,6,2001,5,2001
"807",1465,"Wizard",1984,6,2001,5,2001
"808",113997,"Tajemnicze Domostwo",2013,7,2013,7,2014
"809",214029,"SpaceCorp: 2025-2300AD",2018,12,2016,12,2018
"810",8125,"Santiago",2003,11,2003,11,2003
"811",228328,"Rurik: Dawn of Kiev",2019,8,2017,8,2019
"812",139898,"Brew Crafters",2013,3,2013,1,2015
"813",195137,"Catacombs (Third Edition)",2015,4,2016,4,2016
"814",65244,"Forbidden Island",2010,2,2010,5,2010
"815",155362,"Ca$h 'n Guns: Second Edition",2014,8,2014,8,2014
"816",53953,"Thunderstone",2009,10,2009,10,2009
"817",129948,"The Palaces of Carrara",2012,10,2012,10,2012
"818",1041,"San Marco",2001,6,2001,9,2002
"819",26990,"Container",2007,10,2007,10,2007
"820",91514,"Rhino Hero",2011,4,2011,9,2014
"821",275467,"Letter Jam",2019,4,2019,6,2019
"822",326494,"The Adventures of Robin Hood",2021,12,2020,3,2021
"823",224597,"Warhammer Underworlds: Shadespire",2017,9,2017,10,2017
"824",216459,"The Lost Expedition",2017,5,2017,6,2017
"825",307002,"Regicide",2020,4,2020,4,2021
"826",37380,"Roll Through the Ages: The Bronze Age",2008,7,2008,1,2009
"827",177678,"Signorie",2015,9,2015,10,2015
"828",306881,"Railroad Ink Challenge: Lush Green Edition",2021,5,2020,4,2021
"829",299047,"Disney Villainous: Perfectly Wretched",2020,1,2020,3,2020
"830",296237,"Warp's Edge",2020,2,2020,9,2020
"831",98229,"Pictomania",2011,5,2011,10,2011
"832",234477,"Battle for Rokugan",2017,11,2017,12,2017
"833",154458,"Akrotiri",2014,3,2014,12,2014
"834",29368,"Last Night on Earth: The Zombie Game",2007,8,2007,8,2007
"835",254386,"Raccoon Tycoon",2018,6,2018,10,2018
"836",82421,"Summoner Wars: Phoenix Elves vs Tundra Orcs",2009,9,2010,9,2010
"837",173,"Formula Dé",1997,6,2001,5,2001
"838",285984,"Last Bastion",2019,8,2019,10,2019
"839",26566,"Homesteaders",2009,1,2007,11,2009
"840",131260,"Qwixx",2012,10,2012,1,2013
"841",266164,"Babylonia",2019,4,2019,10,2019
"842",56692,"Parade",2007,9,2009,10,2009
"843",1345,"Genoa",2001,7,2001,9,2001
"844",223953,"Kitchen Rush",2017,5,2017,10,2017
"845",2181,"Bridge",1925,8,2001,5,2001
"846",329465,"Red Rising",2021,2,2021,2,2021
"847",2093,"Mahjong",1850,8,2001,5,2001
"848",156689,"Legendary: A Marvel Deck Building Game – Villains",2014,6,2014,7,2014
"849",277700,"Merchants Cove",2021,8,2019,4,2021
"850",9440,"Maharaja: The Game of Palace Building in India",2004,4,2004,4,2004
"851",256788,"Detective Club",2018,9,2018,10,2018
"852",239464,"Palm Island",2018,11,2017,6,2018
"853",346703,"7 Wonders: Architects",2021,9,2021,9,2021
"854",108906,"Thunder Alley",2014,1,2012,7,2014
"855",160851,"Lanterns: The Harvest Festival",2015,8,2014,4,2015
"856",27976,"Heroscape Master Set: Swarm of the Marro",2007,5,2007,9,2007
"857",219215,"Werewords",2017,2,2017,6,2017
"858",195560,"Wasteland Express Delivery Service",2017,4,2017,8,2017
"859",148319,"Tragedy Looper",2011,9,2013,8,2014
"860",13642,"Louis XIV",2005,2,2005,3,2005
"861",202408,"Adrenaline",2016,6,2016,10,2016
"862",253499,"A War of Whispers",2019,5,2018,12,2019
"863",238992,"Call to Adventure",2019,7,2018,3,2019
"864",272738,"Jaws",2019,4,2019,6,2019
"865",248065,"Zombicide: Invader",2019,3,2018,7,2019
"866",172047,"The Others",2016,8,2015,8,2016
"867",196526,"Coffee Roaster",2015,3,2016,5,2017
"868",245643,"Luxor",2018,3,2018,3,2018
"869",98351,"Core Worlds",2011,6,2011,10,2011
"870",264052,"Circadians: First Light",2019,11,2018,8,2019
"871",491,"Web of Power",2000,5,2001,5,2001
"872",66356,"Dungeons & Dragons: Wrath of Ashardalon Board Game",2011,7,2010,2,2011
"873",82420,"Summoner Wars: Guild Dwarves vs Cave Goblins",2009,9,2010,9,2010
"874",151004,"Smash Up: Science Fiction Double Feature",2014,3,2014,3,2014
"875",198740,"Lovecraft Letter",2017,5,2016,7,2017
"876",904,"Nightmare Productions",2000,8,2001,5,2001
"877",240,"Britannia",1986,6,2001,5,2001
"878",59946,"Dungeons & Dragons: Castle Ravenloft Board Game",2010,8,2010,8,2010
"879",27588,"Zooloretto",2007,2,2007,4,2007
"880",65901,"Age of Industry",2010,6,2010,6,2010
"881",8051,"Attika",2003,10,2003,10,2003
"882",201921,"Tiny Epic Quest",2017,6,2016,7,2017
"883",108784,"Ascension: Storm of Souls",2011,10,2011,1,2012
"884",52461,"Legacy: The Testament of Duke de Crecy",2013,10,2009,9,2013
"885",148729,"Maquis",2013,10,2013,10,2019
"886",147151,"Concept",2013,10,2013,10,2013
"887",235488,"Istanbul: The Dice Game",2017,10,2017,10,2017
"888",106217,"Hawaii",2011,9,2011,10,2011
"889",210296,"DinoGenics",2019,8,2017,1,2019
"890",38054,"Snow Tails",2008,10,2008,10,2008
"891",191977,"The Castles of Burgundy: The Card Game",2016,1,2016,3,2016
"892",267319,"Roam",2019,4,2019,10,2019
"893",346965,"Azul: Queen's Garden",2021,9,2021,9,2021
"894",193214,"Meeple Circus",2017,6,2017,10,2017
"895",272739,"Clinic: Deluxe Edition",2019,5,2019,12,2019
"896",207830,"5-Minute Dungeon",2017,10,2016,3,2017
"897",203427,"Fabled Fruit",2016,10,2016,10,2016
"898",307305,"Bullet♥︎",2021,4,2020,3,2021
"899",25669,"Qwirkle",2006,10,2006,3,2007
"900",197405,"Tak",2017,4,2016,4,2016
"901",270314,"Ohanami",2019,1,2019,2,2019
"902",328479,"Living Forest",2021,1,2021,10,2021
"903",242804,"Lowlands",2018,3,2018,4,2018
"904",231218,"Black Sonata",2017,7,2017,2,2019
"905",199966,"Kingsburg (Second Edition)",2017,7,2016,11,2017
"906",125678,"DC Comics Deck-Building Game",2012,8,2012,12,2012
"907",298065,"Santa Monica",2020,3,2020,4,2020
"908",212402,"The Grimm Forest",2018,12,2016,1,2018
"909",169124,"Flick 'em Up!",2015,3,2015,6,2015
"910",154086,"Gold West",2015,5,2014,10,2015
"911",239472,"Abomination: The Heir of Frankenstein",2019,3,2019,8,2019
"912",284818,"Caylus 1303",2019,11,2019,12,2019
"913",112,"Condottiere",1995,5,2001,5,2001
"914",207243,"The City of Kings",2018,8,2016,3,2018
"915",19600,"Antike",2005,10,2005,10,2005
"916",245487,"Orchard: A 9 card solitaire game",2018,2,2018,2,2020
"917",233262,"Tidal Blades: Heroes of the Reef",2020,6,2018,10,2020
"918",66505,"The Speicherstadt",2010,2,2010,4,2010
"919",95064,"Ascension: Return of the Fallen",2011,3,2011,6,2011
"920",299684,"Khôra: Rise of an Empire",2021,11,2020,8,2021
"921",554,"La Città",2000,6,2001,5,2001
"922",317457,"Dinosaur World",2021,8,2020,9,2021
"923",337765,"Brian Boru: High King of Ireland",2021,9,2021,11,2021
"924",171669,"Discoveries: The Journals of Lewis & Clark",2015,6,2015,6,2015
"925",180680,"Automobiles",2016,10,2015,11,2015
"926",195314,"Herbaceous",2017,3,2016,1,2017
"927",224,"History of the World",1991,6,2001,5,2001
"928",228504,"Cat Lady",2017,6,2017,8,2017
"929",174570,"Legendary Encounters: A Predator Deck Building Game",2015,7,2015,8,2015
"930",939,"Star Wars: The Queen's Gambit",2000,8,2001,5,2001
"931",227515,"Riverboat",2017,8,2017,10,2017
"932",15817,"Manila",2005,3,2005,4,2005
"933",318560,"Witchstone",2021,10,2020,8,2021
"934",72287,"Mr. Jack Pocket",2010,7,2010,9,2010
"935",66056,"Rivals for Catan",2010,9,2010,11,2010
"936",316546,"Clever Cubed",2020,8,2020,10,2020
"937",178336,"World's Fair 1893",2016,8,2015,4,2016
"938",157403,"Black Fleet",2014,4,2014,8,2014
"939",230080,"Majesty: For the Realm",2017,7,2017,10,2017
"940",207691,"Railroad Revolution",2016,10,2016,10,2016
"941",218509,"Empires of the Void II",2018,2,2017,1,2018
"942",204027,"Cottage Garden",2016,9,2016,10,2016
"943",244654,"Wildlands",2018,1,2018,10,2018
"944",158275,"Marvel Dice Masters: Uncanny X-Men",2014,5,2014,10,2014
"945",150999,"Valley of the Kings",2014,4,2014,6,2014
"946",1382,"Winner's Circle",2001,6,2001,4,2002
"947",200077,"Mint Works",2017,5,2016,2,2017
"948",69779,"Polis: Fight for the Hegemony",2012,7,2010,8,2012
"949",161882,"Irish Gauge",2014,7,2014,9,2019
"950",291508,"Tiny Epic Dinosaurs",2020,10,2019,7,2020
"951",131646,"Merchant of Venus (Second Edition)",2012,10,2012,11,2012
"952",75449,"Firenze",2010,10,2010,10,2010
"953",156776,"Warhammer 40,000: Conquest",2014,8,2014,8,2014
"954",161866,"Zombicide Season 3: Rue Morgue",2015,7,2014,12,2014
"955",164949,"Time of Crisis: The Roman Empire in Turmoil, 235-284 AD",2017,9,2014,6,2017
"956",200954,"Fields of Green",2016,7,2016,10,2016
"957",168917,"Smash Up: Pretty Pretty Smash Up",2015,11,2014,3,2015
"958",141517,"A Study in Emerald",2013,4,2013,10,2013
"959",104710,"Wiz-War (Eighth Edition)",2012,9,2011,2,2012
"960",185589,"Islebound",2016,11,2015,7,2016
"961",253284,"Ticket to Ride: New York",2018,5,2018,6,2018
"962",270971,"Era: Medieval Age",2019,1,2019,8,2019
"963",72225,"CO₂",2012,6,2010,10,2012
"964",177524,"ICECOOL",2016,9,2015,6,2016
"965",8203,"Hey, That's My Fish!",2003,11,2003,10,2005
"966",157809,"Nations: The Dice Game",2014,4,2014,10,2014
"967",242684,"Reavers of Midgard",2019,11,2018,8,2019
"968",40793,"Dice Town",2009,3,2009,3,2009
"969",217449,"NMBR 9",2017,1,2017,2,2017
"970",104363,"Rex: Final Days of an Empire",2012,8,2011,2,2012
"971",279254,"Ecos: First Continent",2019,7,2019,8,2019
"972",191300,"Archaeology: The New Expedition",2016,1,2016,2,2016
"973",191231,"Via Nebula",2016,2,2016,3,2016
"974",130176,"Tales & Games: The Hare & the Tortoise",2011,11,2012,8,2014
"975",241266,"Little Town",2017,12,2017,6,2019
"976",276894,"Ticket to Ride: London",2019,5,2019,6,2019
"977",823,"The Lord of the Rings",2000,6,2001,5,2001
"978",160018,"Smash Up: Monster Smash",2014,5,2014,8,2014
"979",171233,"The Big Book of Madness",2015,3,2015,10,2015
"980",136991,"Loony Quest",2015,4,2014,2,2015
"981",85897,"Thunderstone: Dragonspire",2011,2,2011,2,2011
"982",22825,"Tide of Iron",2007,1,2007,5,2007
"983",217861,"Paper Tales",2017,1,2017,10,2017
"984",25568,"Metropolys",2008,12,2006,3,2008
"985",153065,"Linko!",2014,1,2014,3,2014
"986",11971,"Cockroach Poker",2004,7,2004,9,2005
"987",35497,"Fauna",2008,7,2008,11,2008
"988",60,"Vinci",1999,6,2001,5,2001
"989",6830,"Zendo",2001,7,2003,7,2003
"990",35052,"Axis & Allies Anniversary Edition",2008,3,2008,12,2008
"991",45986,"Stronghold",2009,7,2009,9,2009
"992",198454,"When I Dream",2016,6,2016,10,2017
"993",1301,"Netrunner",1996,6,2001,5,2001
"994",299960,"Alma Mater",2020,1,2020,8,2020
"995",223750,"Hardback",2018,4,2017,12,2017
"996",55427,"Mr. Jack in New York",2009,10,2009,10,2009
"997",256589,"Rallyman: GT",2020,9,2018,1,2020
"998",134352,"Two Rooms and a Boom",2013,12,2012,11,2013
"999",97903,"Terror in Meeple City",2013,11,2012,10,2013
"1000",172931,"Outfoxed!",2014,8,2015,3,2016
"1001",146312,"Ghost Fightin' Treasure Hunters",2013,10,2013,7,2016
"1002",222514,"Batman: Gotham City Chronicles",2019,3,2017,4,2019
"1003",122522,"Smash Up",2012,4,2012,8,2012
"1004",194880,"Dream Home",2016,4,2016,4,2016
"1005",681,"Quarto",1991,6,2001,5,2001
"1006",21523,"Runebound: Second Edition",2005,1,2006,1,2006
"1007",1608,"Ambush!",1983,6,2001,5,2001
"1008",18100,"China",2005,5,2005,5,2005
"1009",91536,"Quarriors!",2011,6,2011,7,2011
"1010",221,"Ikusa",1986,6,2001,5,2001
"1011",16992,"Tsuro",2005,7,2005,10,2005
"1012",176371,"Explorers of the North Sea",2016,4,2016,8,2016
"1013",331787,"Tiny Epic Dungeons",2021,2,2021,2,2022
"1014",135382,"Shadowrun: Crossfire",2014,6,2013,8,2014
"1015",176544,"Automania",2015,4,2015,10,2015
"1016",142326,"Eight-Minute Empire: Legends",2013,5,2013,11,2013
"1017",551,"Battle Cry",1999,6,2001,5,2001
"1018",159473,"Quartermaster General",2014,5,2014,8,2014
"1019",245476,"CuBirds",2018,5,2018,6,2018
"1020",152162,"Diamonds: Second Edition",2014,4,2014,8,2014
"1021",181796,"The Prodigals Club",2015,9,2015,10,2015
"1022",17329,"Animal Upon Animal",2005,7,2005,11,2006
"1023",183571,"Deep Space D-6",2015,9,2015,5,2016
"1024",24068,"Shadow Hunters",2005,1,2007,8,2008
"1025",261114,"Men at Work",2019,9,2018,10,2018
"1026",145639,"Coconuts",2013,8,2013,3,2014
"1027",229265,"Wendake",2017,6,2017,10,2017
"1028",37628,"Haggis",2010,9,2008,9,2010
"1029",230933,"Merlin",2017,7,2017,10,2017
"1030",67492,"Battles of Westeros",2010,2,2010,6,2010
"1031",306481,"Tawantinsuyu: The Inca Empire",2020,4,2020,9,2020
"1032",175199,"Mottainai",2015,3,2015,8,2015
"1033",71671,"Yggdrasil",2011,3,2011,3,2011
"1034",163642,"Chimera Station",2017,12,2016,9,2017
"1035",228855,"Set a Watch",2019,10,2017,6,2019
"1036",300327,"The Castles of Tuscany",2020,2,2020,9,2020
"1037",164265,"Witness",2014,8,2014,10,2014
"1038",216092,"Unlock!: Escape Adventures – Squeek & Sausage",2017,2,2017,4,2017
"1039",207336,"Honshū",2016,10,2016,10,2016
"1040",234669,"Legacy of Dragonholt",2017,11,2017,11,2017
"1041",156091,"Sons of Anarchy: Men of Mayhem",2014,8,2014,8,2014
"1042",5737,"Domaine",2003,5,2003,6,2003
"1043",327,"Loopin' Louie",1992,6,2001,5,2001
"1044",94246,"1812: The Invasion of Canada",2012,3,2011,1,2012
"1045",1634,"Warhammer Quest",1995,8,2001,5,2001
"1046",95103,"Fortune and Glory: The Cliffhanger Game",2011,6,2011,8,2011
"1047",206051,"Insider",2016,8,2016,10,2016
"1048",183880,"Risk: Star Wars Edition",2015,9,2015,9,2015
"1049",141423,"Dead Men Tell No Tales",2015,8,2014,5,2015
"1050",197070,"Massive Darkness",2017,6,2016,7,2017
"1051",205597,"Jump Drive",2017,11,2016,1,2017
"1052",104020,"Vanuatu",2011,10,2011,10,2011
"1053",278,"Catan Card Game",1996,6,2001,5,2001
"1054",244049,"Forum Trajanum",2018,10,2018,10,2018
"1055",44163,"Power Grid: Factory Manager",2009,10,2009,10,2009
"1056",184151,"Legend of the Five Rings: The Card Game",2017,11,2015,8,2017
"1057",124,"Primordial Soup",1997,6,2001,5,2001
"1058",300217,"Merchants of the Dark Road",2022,2,2020,12,2021
"1059",206931,"Encore!",2016,9,2016,10,2016
"1060",251412,"On Tour",2019,4,2018,2,2019
"1061",182694,"Watson & Holmes",2015,9,2015,10,2015
"1062",271869,"Sushi Roll",2019,2,2019,4,2019
"1063",27364,"Caylus Magna Carta",2007,3,2007,4,2007
"1064",121410,"Steam Park",2013,6,2013,10,2013
"1065",221318,"Whistle Stop",2017,4,2017,8,2017
"1066",195162,"Plague Inc.: The Board Game",2017,5,2016,11,2016
"1067",309630,"Small World of Warcraft",2020,5,2020,9,2020
"1068",154246,"La Isla",2014,8,2014,8,2014
"1069",273477,"Obscurio",2019,3,2019,8,2019
"1070",8045,"Princes of the Renaissance",2003,10,2003,10,2003
"1071",137649,"Level 7 [Omega Protocol]",2013,8,2013,9,2013
"1072",276042,"Conspiracy: Abyss Universe",2019,4,2019,12,2019
"1073",287084,"Oriflamme",2019,10,2019,10,2019
"1074",8989,"Hansa",2004,2,2004,3,2004
"1075",143884,"Machi Koro",2012,6,2013,10,2013
"1076",151007,"Pathfinder Adventure Card Game: Skull & Shackles – Base Set",2014,2,2014,8,2014
"1077",299169,"Spicy",2020,1,2020,2,2020
"1078",34084,"Witch's Brew",2008,2,2008,3,2008
"1079",213266,"Circle the Wagons",2017,1,2017,6,2018
"1080",223770,"Startups",2017,3,2017,4,2017
"1081",140933,"Blueprints",2013,4,2013,10,2013
"1082",129736,"Cockroach Poker Royal",2012,9,2012,1,2015
"1083",17396,"Manoeuvre",2008,2,2008,2,2008
"1084",173090,"The Game",2015,2,2015,2,2015
"1085",187377,"Vikings Gone Wild",2017,5,2016,1,2017
"1086",354,"Stick 'Em",1993,6,2001,5,2001
"1087",247236,"Duelosaur Island",2018,3,2018,11,2018
"1088",13823,"Fairy Tale",2004,11,2004,1,2005
"1089",232918,"Fallout",2017,8,2017,11,2017
"1090",137297,"Rise of Augustus",2013,2,2013,3,2013
"1091",105,"Colossal Arena",1997,6,2001,5,2001
"1092",171879,"Kraftwagen",2015,2,2015,4,2015
"1093",244536,"Tiny Epic Zombies",2018,1,2018,8,2018
"1094",230085,"Agra",2017,8,2017,10,2017
"1095",173101,"Council of 4",2015,10,2015,10,2015
"1096",82168,"Escape from the Aliens in Outer Space",2010,10,2010,10,2010
"1097",226520,"Exit: The Game – The Sinister Mansion",2018,11,2017,8,2018
"1098",527,"GIPF",1996,6,2001,5,2001
"1099",121297,"Fleet",2012,2,2012,9,2012
"1100",22141,"Cleopatra and the Society of Architects",2006,3,2006,4,2006
"1101",204836,"Escape Room: The Game",2016,8,2016,9,2016
"1102",293889,"Fallout Shelter: The Board Game",2020,11,2019,5,2020
"1103",301767,"Mysterium Park",2020,2,2020,10,2020
"1104",91873,"Strasbourg",2011,4,2011,4,2011
"1105",30381,"Hamburgum",2007,10,2007,10,2007
"1106",126100,"Mythos Tales",2016,6,2015,9,2016
"1107",1115,"Poker",1810,6,2001,5,2001
"1108",42910,"Peloponnes",2009,8,2009,9,2009
"1109",50768,"Ninjato",2011,2,2010,8,2011
"1110",180899,"Ponzi Scheme",2015,7,2015,10,2015
"1111",35815,"A Touch of Evil: The Supernatural Game",2008,8,2008,8,2008
"1112",152470,"Fief: France 1429",2015,1,2014,1,2015
"1113",147303,"Carcassonne: South Seas",2013,10,2013,10,2013
"1114",174660,"New York 1901",2015,5,2015,6,2015
"1115",16395,"Blokus Duo",2005,6,2005,8,2005
"1116",314503,"Codex Naturalis",2021,8,2020,12,2020
"1117",102548,"Dungeon Fighter",2011,7,2011,3,2012
"1118",43443,"Castle Panic",2009,6,2009,10,2009
"1119",233961,"Claim",2017,8,2017,9,2017
"1120",19100,"Hacienda",2005,10,2005,10,2005
"1121",154386,"Medieval Academy",2014,2,2014,6,2014
"1122",256606,"Spirits of the Wild",2018,7,2018,8,2018
"1123",104347,"Santiago de Cuba",2011,8,2011,10,2011
"1124",25643,"Arkadia",2006,10,2006,10,2006
"1125",38159,"Ultimate Werewolf: Ultimate Edition",2008,9,2008,11,2008
"1126",164338,"The Golden Ages",2014,10,2014,10,2014
"1127",226518,"Exit: The Game – The Sunken Treasure",2017,8,2017,6,2018
"1128",39953,"A Game of Thrones: The Card Game",2008,12,2008,12,2008
"1129",192074,"Odin's Ravens (Second Edition)",2016,3,2016,3,2016
"1130",855,"Java",2000,6,2001,5,2001
"1131",12995,"Dungeon Twister",2004,10,2004,1,2005
"1132",202583,"Rise of Tribes",2018,1,2017,6,2018
"1133",18258,"Mission: Red Planet",2005,11,2005,11,2005
"1134",1540,"BattleTech",1985,6,2001,5,2001
"1135",223855,"Sentient",2017,6,2017,6,2017
"1136",4099,"Keythedral",2002,10,2002,6,2003
"1137",165986,"Royals",2014,10,2014,10,2014
"1138",42452,"Rattus",2010,1,2010,3,2010
"1139",134253,"Hostage Negotiator",2015,1,2013,5,2015
"1140",191876,"Ulm",2016,9,2016,10,2016
"1141",157526,"Viceroy",2014,4,2014,7,2015
"1142",25821,"The Werewolves of Miller's Hollow",2001,11,2006,11,2006
"1143",305682,"Rolling Realms",2021,3,2020,3,2020
"1144",10,"Elfenland",1998,5,2001,5,2001
"1145",41916,"The Magic Labyrinth",2009,4,2009,4,2009
"1146",2507,"Liberté",1998,11,2001,5,2001
"1147",269595,"Copenhagen",2019,2,2019,3,2019
"1148",1261,"Medina",2001,6,2001,6,2002
"1149",23094,"Planet Steam",2008,10,2008,10,2008
"1150",230,"Merchant of Venus",1988,6,2001,5,2001
"1151",175324,"Fog of Love",2017,10,2015,10,2017
"1152",132372,"Guildhall",2012,10,2012,11,2012
"1153",149155,"Dead Man's Draw",2015,10,2013,12,2014
"1154",228660,"Betrayal at Baldur's Gate",2017,6,2017,10,2017
"1155",302524,"Super-Skill Pinball: 4-Cade",2020,3,2020,8,2020
"1156",119591,"Rialto",2013,4,2012,4,2013
"1157",1159,"Evo",2001,6,2001,4,2002
"1158",85256,"Timeline: Inventions",2010,10,2010,9,2011
"1159",16986,"Ubongo",2003,3,2005,3,2005
"1160",282954,"Paris",2020,10,2019,10,2020
"1161",143405,"Sylvion",2015,3,2015,5,2015
"1162",111124,"Dark Moon",2011,1,2012,5,2015
"1163",191597,"Dale of Merchants 2",2016,1,2016,10,2016
"1164",57390,"Catacombs",2010,1,2010,4,2010
"1165",61692,"Axis & Allies Europe 1940",2010,11,2009,8,2010
"1166",60435,"Rallyman",2009,12,2009,3,2010
"1167",183006,"Qwinto",2015,9,2015,10,2015
"1168",83195,"Ghost Blitz",2010,10,2010,4,2011
"1169",205716,"New Angeles",2016,8,2016,11,2016
"1170",224821,"One Deck Dungeon: Forest of Shadows",2017,4,2017,12,2017
"1171",826,"Cartagena",2000,5,2001,5,2001
"1172",297129,"Jekyll vs. Hyde",2021,10,2020,12,2020
"1173",9220,"Saboteur",2004,4,2004,10,2004
"1174",272453,"KeyForge: Age of Ascension",2019,2,2019,5,2019
"1175",159503,"The Captain Is Dead",2014,8,2014,10,2014
"1176",297978,"Mariposas",2020,1,2020,8,2020
"1177",2842,"TransAmerica",2001,5,2002,9,2002
"1178",53093,"Heroes of Normandie",2014,6,2011,4,2014
"1179",257614,"Tussie Mussie",2019,10,2018,9,2019
"1180",7805,"Fearsome Floors",2003,10,2003,10,2003
"1181",12495,"Fire & Axe: A Viking Saga",2004,7,2004,12,2006
"1182",300753,"Cross Clues",2020,3,2020,9,2020
"1183",233020,"Fireball Island: The Curse of Vul-Kar",2018,2,2018,11,2018
"1184",9203,"Wings of War: Famous Aces",2004,3,2004,3,2004
"1185",302388,"Back to the Future: Back in Time",2020,2,2020,6,2020
"1186",117985,"Star Trek: Catan",2012,1,2012,8,2012
"1187",231484,"Carnival of Monsters",2019,10,2017,8,2019
"1188",232988,"The Castles of Burgundy: The Dice Game",2017,8,2017,9,2017
"1189",103,"Titan",1980,6,2001,5,2001
"1190",2338,"Starship Catan",2001,11,2001,9,2002
"1191",215841,"Exit: The Game – The Forgotten Island",2017,5,2017,6,2017
"1192",134453,"The Little Prince: Make Me a Planet",2013,2,2013,3,2013
"1193",106,"Mystery Rummy: Jack the Ripper",1998,6,2001,5,2001
"1194",288169,"The Fox in the Forest Duet",2020,9,2019,1,2020
"1195",105037,"Tournay",2011,10,2011,10,2011
"1196",180040,"Villages of Valeria",2017,11,2015,12,2016
"1197",1897,"The Starfarers of Catan",1999,8,2001,5,2001
"1198",246761,"Cahoots",2018,4,2018,2,2019
"1199",159109,"XenoShyft: Onslaught",2015,6,2014,4,2015
"1200",21441,"Mykerinos",2006,3,2006,4,2006
"1201",172385,"Porta Nigra",2015,5,2015,10,2015
"1202",150312,"Welcome to the Dungeon",2013,11,2013,3,2015
"1203",217085,"Unearth",2017,5,2017,6,2017
"1204",10640,"Doom: The Boardgame",2004,12,2004,12,2004
"1205",166226,"The Staufer Dynasty",2014,10,2014,10,2014
"1206",394,"Kahuna",1998,6,2001,5,2001
"1207",163413,"Murano",2014,10,2014,10,2014
"1208",39684,"Merkator",2010,5,2009,10,2010
"1209",127024,"Room 25",2013,10,2012,12,2012
"1210",63268,"Spot it!",2009,12,2009,6,2010
"1211",216091,"Unlock!: Escape Adventures – The Formula",2017,2,2017,3,2017
"1212",255674,"Imhotep: The Duel",2018,6,2018,4,2019
"1213",254591,"Heroes of Terrinoth",2018,6,2018,11,2018
"1214",15,"Cosmic Encounter",1977,5,2001,5,2001
"1215",204505,"Museum",2019,8,2016,3,2019
"1216",199,"Manhattan",1994,6,2001,5,2001
"1217",33604,"Say Anything",2008,4,2008,7,2008
"1218",199383,"Calimala",2017,7,2017,10,2017
"1219",72991,"Asara",2010,9,2010,9,2010
"1220",332386,"Brew",2021,2,2021,3,2021
"1221",205418,"Agricola: Family Edition",2016,7,2016,8,2016
"1222",215842,"Exit: The Game – The Polar Station",2017,5,2017,10,2017
"1223",167513,"Barony",2015,11,2014,5,2015
"1224",253214,"Escape Tales: The Awakening",2018,5,2018,10,2018
"1225",113401,"Timeline: Events",2011,12,2011,8,2012
"1226",244918,"Exit: The Game – The Mysterious Museum",2018,5,2018,7,2018
"1227",116,"Guillotine",1998,5,2001,5,2001
"1228",1403,"Turn the Tide",1997,9,2001,5,2001
"1229",244191,"Naga Raja",2019,7,2018,2,2019
"1230",257769,"Walking in Burano",2018,8,2018,10,2018
"1231",142992,"Gravwell: Escape from the 9th Dimension",2013,8,2013,11,2013
"1232",878,"Wyatt Earp",2001,6,2001,5,2002
"1233",22038,"Warrior Knights",2006,2,2006,5,2006
"1234",179572,"Dice City",2015,6,2015,10,2015
"1235",5716,"Balloon Cup",2003,4,2003,5,2003
"1236",254018,"Solenia",2018,8,2018,10,2018
"1237",19999,"Aton",2005,2,2006,6,2006
"1238",29934,"Amyitis",2007,10,2007,10,2007
"1239",9446,"Blue Moon",2004,2,2004,4,2004
"1240",2122,"Vampire: The Eternal Struggle",1994,8,2001,5,2001
"1241",194690,"Viral",2017,10,2016,7,2017
"1242",15818,"Pickomino",2005,3,2005,3,2005
"1243",268620,"Similo",2019,4,2019,10,2019
"1244",284108,"Pictures",2019,10,2019,10,2019
"1245",3284,"Star Wars: Epic Duels",2002,4,2002,1,2003
"1246",139030,"Mascarade",2013,3,2013,7,2013
"1247",227456,"Escape the Dark Castle",2017,6,2017,1,2018
"1248",94362,"Rune Age",2011,3,2011,8,2011
"1249",42487,"Lost Cities: The Board Game",2008,5,2009,5,2009
"1250",624,"Quoridor",1997,8,2001,5,2001
"1251",312267,"Star Wars: Unlock!",2020,8,2020,9,2020
"1252",37919,"Ascending Empires",2011,12,2008,5,2011
"1253",19237,"Ca$h 'n Gun$",2005,8,2005,10,2005
"1254",1231,"Bausack",1987,6,2001,5,2001
"1255",191894,"Imagine",2015,3,2016,5,2016
"1256",176229,"Tides of Time",2015,4,2015,7,2015
"1257",66,"Löwenherz",1997,6,2001,5,2001
"1258",902,"Meuterer",2000,6,2001,5,2001
"1259",16496,"Roma",2005,5,2005,8,2005
"1260",304285,"Infinity Gauntlet: A Love Letter Game",2020,3,2020,8,2020
"1261",129051,"Le Havre: The Inland Port",2012,8,2012,10,2012
"1262",181810,"Kodama: The Tree Spirits",2016,9,2015,3,2016
"1263",6411,"Blokus 3D",2003,6,2003,11,2004
"1264",271088,"Ishtar: Gardens of Babylon",2019,3,2019,8,2019
"1265",492,"Aladdin's Dragons",2000,5,2001,5,2001
"1266",216201,"Robo Rally",2016,12,2016,12,2016
"1267",123570,"Strike",2012,4,2012,11,2015
"1268",120523,"Nothing Personal",2013,2,2012,8,2013
"1269",196,"Kremlin",1986,6,2001,5,2001
"1270",244995,"Illusion",2018,2,2018,2,2018
"1271",71836,"Onirim",2010,8,2010,8,2010
"1272",165950,"Beasty Bar",2014,10,2014,10,2014
"1273",481,"Carolus Magnus",2000,5,2001,5,2001
"1274",2397,"Backgammon",1635,10,2001,5,2001
"1275",101785,"D-Day Dice",2012,6,2011,7,2012
"1276",438,"Scotland Yard",1983,6,2001,5,2001
"1277",223740,"Bargain Quest",2017,4,2017,8,2019
"1278",204,"Stephenson's Rocket",1999,6,2001,5,2001
"1279",24417,"Factory Fun",2006,9,2006,10,2006
"1280",195544,"Tides of Madness",2016,4,2016,8,2016
"1281",131366,"Eight-Minute Empire",2012,10,2012,5,2013
"1282",131325,"Timeline: General Interest",2012,10,2012,11,2012
"1283",21550,"Blokus Trigon",2006,5,2006,6,2006
"1284",18745,"Sun Tzu",2005,9,2005,4,2006
"1285",594,"Sleuth",1971,7,2001,5,2001
"1286",24827,"Traders of Osaka",2006,10,2006,10,2006
"1287",194626,"Happy Salmon",2016,3,2016,5,2016
"1288",148943,"Coup: Rebellion G54",2014,10,2014,10,2014
"1289",43022,"Yomi",2011,6,2009,1,2011
"1290",172381,"My Village",2015,5,2015,10,2015
"1291",22,"Magic Realm",1979,6,2001,5,2001
"1292",201,"The Rose King",1992,8,2001,5,2001
"1293",300442,"Trekking the World",2020,4,2020,8,2020
"1294",246200,"Piepmatz",2018,2,2018,8,2018
"1295",144041,"Patchistory",2013,6,2013,9,2014
"1296",3955,"BANG!",2002,10,2002,11,2002
"1297",13780,"In the Shadow of the Emperor",2004,10,2004,10,2004
"1298",1568,"Space Crusade",1990,6,2001,5,2001
"1299",143175,"Kashgar: Merchants of the Silk Road",2013,9,2013,10,2013
"1300",125548,"Pixel Tactics",2012,7,2012,7,2013
"1301",3228,"Pueblo",2002,4,2002,10,2002
"1302",57925,"Havana",2009,10,2009,10,2009
"1303",242,"Junta",1978,6,2001,5,2001
"1304",181524,"Masmorra: Dungeons of Arcadia",2017,8,2015,12,2016
"1305",176083,"Hit Z Road",2016,3,2016,7,2016
"1306",233678,"Indian Summer",2017,8,2017,10,2017
"1307",258444,"Gingerbread House",2018,9,2018,10,2018
"1308",116954,"Indigo",2012,1,2012,2,2012
"1309",106662,"Power Grid: The First Sparks",2011,10,2011,10,2011
"1310",168,"Empire Builder",1982,6,2001,5,2001
"1311",13884,"The Scepter of Zavandor",2004,10,2004,11,2004
"1312",252929,"Planet",2018,6,2018,10,2018
"1313",115,"I'm the Boss!",1994,8,2001,5,2001
"1314",38862,"Giants",2008,10,2008,10,2008
"1315",257527,"Trapwords",2018,8,2018,10,2018
"1316",143986,"CV",2013,9,2013,10,2013
"1317",192860,"Oceanos",2016,5,2016,7,2016
"1318",193308,"Spyfall 2",2016,7,2016,1,2017
"1319",156714,"Doomtown: Reloaded",2014,3,2014,8,2014
"1320",92319,"Olympos",2011,3,2011,6,2011
"1321",195043,"Welcome Back to the Dungeon",2016,9,2016,10,2016
"1322",2987,"Pirate's Cove",2002,4,2002,5,2003
"1323",230267,"Dice Settlers",2018,1,2018,10,2018
"1324",195856,"Bloodborne: The Card Game",2016,5,2016,8,2016
"1325",34194,"Aquaretto",2008,3,2008,4,2008
"1326",38343,"Ad Astra",2009,10,2008,8,2009
"1327",119,"Kingdoms",1994,5,2001,5,2001
"1328",218530,"Tortuga 1667",2017,1,2017,8,2017
"1329",1829,"Risk 2210 A.D.",2001,8,2001,6,2002
"1330",215840,"Exit: The Game – The Forbidden Castle",2017,5,2017,6,2017
"1331",34887,"Revolution!",2009,2,2008,7,2009
"1332",29223,"Marrakech",2007,10,2007,5,2008
"1333",103185,"Walnut Grove",2011,7,2011,10,2011
"1334",33451,"The Red Dragon Inn 2",2008,3,2008,8,2008
"1335",26,"Age of Renaissance",1996,6,2001,5,2001
"1336",248158,"Thanos Rising: Avengers Infinity War",2018,4,2018,4,2018
"1337",148951,"Tiny Epic Kingdoms",2014,10,2013,10,2014
"1338",5206,"Ogre",1977,1,2003,5,2001
"1339",214396,"Campy Creatures",2017,1,2017,8,2017
"1340",226501,"Dragonfire",2017,5,2017,8,2017
"1341",39339,"Android",2008,12,2008,12,2008
"1342",915,"Mystery of the Abbey",1995,3,2002,5,2001
"1343",40270,"Call of Cthulhu: The Card Game",2008,1,2009,1,2009
"1344",619,"The Bottle Imp",1995,9,2001,5,2001
"1345",41933,"Arctic Scavengers",2009,6,2009,6,2009
"1346",929,"The Great Dalmuti",1995,6,2001,5,2001
"1347",299252,"Here to Slay",2020,1,2020,8,2020
"1348",55697,"Power Struggle",2009,10,2009,10,2009
"1349",34297,"The Climbers",2008,5,2008,9,2008
"1350",3800,"Himalaya",2002,8,2002,5,2005
"1351",30658,"Rise of Empires",2009,4,2009,9,2009
"1352",244916,"Drop It",2018,2,2018,4,2018
"1353",14254,"PitchCar Mini",2003,12,2004,12,2005
"1354",183231,"Adventure Land",2015,9,2015,10,2015
"1355",31497,"Oregon",2007,10,2007,10,2007
"1356",17223,"World of Warcraft: The Boardgame",2005,11,2005,12,2005
"1357",24773,"On the Underground",2006,10,2006,10,2006
"1358",1198,"SET",1988,6,2001,5,2001
"1359",12761,"Ys",2004,10,2004,10,2004
"1360",1544,"Beyond Balderdash",1993,7,2001,5,2001
"1361",90040,"Pergamon",2011,2,2011,2,2011
"1362",99975,"Timeline: Discoveries",2011,6,2011,10,2011
"1363",10093,"Axis & Allies",2004,2,2004,3,2004
"1364",178054,"A Study in Emerald (Second Edition)",2015,5,2015,10,2015
"1365",222542,"Otys",2017,6,2017,10,2017
"1366",38545,"Kamisado",2008,9,2008,10,2008
"1367",168609,"Artifacts, Inc.",2014,11,2014,7,2015
"1368",267813,"Adventure Games: The Dungeon",2019,5,2019,5,2019
"1369",230303,"Unlock!: Mystery Adventures – The House on the Hill",2017,8,2017,11,2017
"1370",147253,"The Ancient World",2014,3,2014,10,2014
"1371",6351,"Gulo Gulo",2003,5,2003,3,2004
"1372",8098,"Jungle Speed",1997,10,2003,5,2001
"1373",73369,"51st State",2010,7,2010,10,2010
"1374",205046,"Capital Lux",2016,8,2016,10,2016
"1375",494,"Ave Caesar",1989,5,2001,5,2001
"1376",158900,"Samurai Spirit",2014,8,2014,8,2014
"1377",269603,"Minecraft: Builders & Biomes",2019,8,2019,10,2019
"1378",98,"Axis & Allies",1981,5,2001,5,2001
"1379",29937,"König von Siam",2007,10,2007,10,2007
"1380",208895,"New York Slice",2017,12,2016,2,2017
"1381",21920,"Leonardo da Vinci",2006,7,2006,8,2006
"1382",111417,"The Great Heartland Hauling Co.",2013,8,2012,3,2013
"1383",103092,"Helvetia",2011,9,2011,10,2011
"1384",361,"Hare & Tortoise",1973,6,2001,5,2001
"1385",8129,"Sluff Off!",2003,11,2003,11,2003
"1386",43868,"The Adventurers: The Temple of Chac",2009,8,2009,8,2009
"1387",123239,"Wits & Wagers Party",2012,5,2012,10,2013
"1388",107255,"Evo (Second Edition)",2011,5,2012,5,2012
"1389",237,"Wooden Ships & Iron Men",1974,6,2001,5,2001
"1390",182189,"Treasure Hunter",2015,8,2015,10,2015
"1391",171011,"Favor of the Pharaoh",2015,2,2015,9,2015
"1392",142079,"Space Cadets: Dice Duel",2013,8,2013,8,2013
"1393",986,"Babel",2000,5,2001,5,2001
"1394",143185,"Smash Up: The Obligatory Cthulhu Set",2013,6,2013,8,2013
"1395",54137,"Battle Sheep",2010,8,2010,5,2014
"1396",13308,"Niagara",2004,10,2004,11,2004
"1397",175293,"Trambahn",2015,4,2015,6,2015
"1398",235375,"Spirits of the Forest",2018,12,2017,8,2018
"1399",145189,"Timeline: Music & Cinema",2013,7,2013,3,2014
"1400",24310,"The Red Dragon Inn",2007,7,2006,7,2007
"1401",260300,"Dungeon Mayhem",2018,9,2018,11,2018
"1402",136280,"La Boca",2013,2,2013,3,2013
"1403",210274,"Petrichor",2018,4,2017,3,2018
"1404",302260,"Abandon All Artichokes",2020,2,2020,4,2020
"1405",180020,"Virus!",2015,7,2015,5,2016
"1406",4636,"Clans",2002,11,2002,3,2003
"1407",15511,"Fjords",2005,3,2005,8,2005
"1408",70,"Big City",1999,5,2001,5,2001
"1409",67877,"Anomia",2010,3,2010,6,2014
"1410",32125,"Felicity: The Cat in the Sack",2007,10,2007,10,2007
"1411",22348,"Duplik",2005,4,2006,3,2008
"1412",112138,"Krosmaster: Arena",2012,2,2012,7,2013
"1413",205610,"A Game of Thrones: Hand of the King",2016,8,2016,11,2016
"1414",241831,"Reykholt",2018,12,2017,10,2018
"1415",2393,"Xiangqi",762,7,2002,5,2001
"1416",157096,"Historia",2014,6,2014,10,2014
"1417",259081,"Machi Koro Legacy",2019,3,2019,8,2019
"1418",4396,"Odin's Ravens",2002,10,2002,12,2002
"1419",38386,"A Castle for All Seasons",2008,10,2008,10,2008
"1420",8190,"The Bridges of Shangri-La",2003,11,2003,12,2003
"1421",27627,"Talisman: Revised 4th Edition",2007,7,2007,8,2007
"1422",28089,"Burg Appenzell",2007,3,2007,5,2007
"1423",124172,"Tsuro of the Seas",2012,5,2012,10,2012
"1424",41010,"My First Carcassonne",2009,3,2009,3,2009
"1425",274841,"Cóatl",2020,5,2019,8,2020
"1426",35503,"Ra: The Dice Game",2009,4,2008,8,2009
"1427",174078,"Holmes: Sherlock & Mycroft",2015,2,2015,5,2016
"1428",811,"Rummikub",1977,6,2001,5,2001
"1429",266083,"L.L.A.M.A.",2019,2,2019,2,2019
"1430",24742,"Cold War: CIA vs KGB",2007,6,2007,8,2007
"1431",38992,"Royal Palace",2008,10,2008,10,2008
"1432",180852,"Tiny Epic Western",2016,10,2015,9,2016
"1433",1107,"Nyet!",1997,6,2001,5,2001
"1434",253618,"5-Minute Marvel",2018,8,2018,8,2018
"1435",3931,"Mare Nostrum",2003,10,2002,2,2003
"1436",1219,"Labyrinth",1986,5,2001,5,2001
"1437",63759,"Seeland",2010,1,2010,1,2010
"1438",56931,"Arena: Roma II",2009,10,2009,10,2009
"1439",230383,"Memoarrr!",2017,7,2017,7,2017
"1440",120,"Hoity Toity",1990,5,2001,5,2001
"1441",12477,"Bootleggers",2004,10,2004,10,2004
"1442",1032,"B-17: Queen of the Skies",1981,5,2001,5,2001
"1443",16267,"Trans Europa",2005,6,2005,6,2005
"1444",85005,"The Boss",2010,10,2010,10,2010
"1445",49,"Mamma Mia!",1998,6,2001,5,2001
"1446",33154,"Wasabi!",2008,10,2008,10,2008
"1447",195528,"La Granja: No Siesta",2016,3,2016,10,2016
"1448",269725,"Corinth",2019,1,2019,3,2019
"1449",179303,"Cthulhu Realms",2015,6,2015,8,2015
"1450",75358,"Paris Connection",2010,7,2010,7,2010
"1451",128667,"Samurai Sword",2012,10,2012,10,2012
"1452",340,"Frank's Zoo",1999,6,2001,5,2001
"1453",31105,"Archaeology: The Card Game",2007,9,2007,9,2007
"1454",6901,"Euchre",1848,7,2003,5,2001
"1455",232,"Serenissima",1996,6,2001,5,2001
"1456",398,"Wildlife Safari",1994,8,2001,5,2001
"1457",526,"Abalone",1987,6,2001,5,2001
"1458",36648,"Pyramid of Pengqueen",2008,5,2008,10,2008
"1459",28259,"Cutthroat Caverns",2007,8,2007,8,2007
"1460",181345,"Dr. Eureka",2015,10,2015,3,2016
"1461",155695,"Age of War",2014,8,2014,8,2014
"1462",903,"Hamsterrolle",2000,8,2001,5,2001
"1463",127997,"Qin",2012,9,2012,10,2012
"1464",128442,"Relic",2013,7,2012,3,2013
"1465",168681,"Beyond Baker Street",2016,3,2015,6,2016
"1466",118174,"Compounded",2013,1,2012,10,2013
"1467",34707,"The Hanging Gardens",2008,3,2008,3,2008
"1468",155969,"Harbour",2015,3,2014,1,2015
"1469",231696,"Bob Ross: Art of Chill Game",2017,7,2017,7,2017
"1470",85325,"Kolejka",2011,1,2011,2,2011
"1471",174973,"Boss Monster 2: The Next Level",2015,6,2015,6,2015
"1472",442,"Um Reifenbreite",1979,7,2001,5,2001
"1473",134157,"Guilds of London",2016,12,2012,6,2016
"1474",17710,"Conquest of the Empire",2005,7,2005,9,2005
"1475",113289,"Snake Oil",2010,2,2012,9,2012
"1476",1117,"You're Bluffing!",1985,9,2001,5,2001
"1477",67239,"Catan Histories: Settlers of America – Trails to Rails",2010,3,2010,6,2010
"1478",198525,"Lotus",2016,6,2016,8,2016
"1479",32412,"Palastgeflüster",2007,10,2007,10,2007
"1480",249,"Lifeboats",1993,6,2001,5,2001
"1481",120217,"City of Horror",2012,7,2012,9,2012
"1482",144239,"Impulse",2013,8,2013,7,2014
"1483",140,"Pit",1903,6,2001,5,2001
"1484",9441,"Ribbit",2004,11,2004,5,2007
"1485",19526,"Elasund: The First City",2005,10,2005,10,2005
"1486",205125,"Ticket to Ride: First Journey (U.S.)",2016,7,2016,8,2016
"1487",153507,"Terra",2014,9,2014,9,2015
"1488",176558,"Mafia de Cuba",2015,5,2015,8,2015
"1489",41863,"Axis & Allies: 1942",2009,5,2009,8,2009
"1490",267378,"Chakra",2019,2,2019,3,2019
"1491",204574,"The Flow of History",2016,9,2016,10,2016
"1492",141736,"Sail to India",2013,5,2013,10,2013
"1493",27225,"Bananagrams",2006,1,2007,10,2007
"1494",34585,"Keltis",2008,3,2008,3,2008
"1495",137330,"Cube Quest",2013,9,2009,6,2013
"1496",144826,"Zombie 15'",2014,7,2013,7,2014
"1497",472,"DungeonQuest",1985,6,2001,5,2001
"1498",592,"Spades",1938,6,2001,5,2001
"1499",1234,"Once Upon a Time: The Storytelling Card Game",1993,6,2001,5,2001
"1500",172933,"Dragonwood",2015,2,2015,3,2016
"1501",204135,"Skyjo",2015,8,2016,8,2018
"1502",193739,"Jórvík",2016,8,2016,10,2016
"1503",40760,"Alea Iacta Est",2009,4,2009,4,2009
"1504",40393,"FITS",2009,1,2009,2,2009
"1505",163,"Balderdash",1984,6,2001,5,2001
"1506",91620,"Pastiche",2011,2,2011,2,2011
"1507",466,"Inkognito",1988,6,2001,5,2001
"1508",153064,"Good Cop Bad Cop",2014,4,2014,9,2014
"1509",223049,"Custom Heroes",2017,3,2017,8,2017
"1510",16772,"Mall of Horror",2005,7,2005,10,2005
"1511",715,"Escape from Colditz",1973,6,2001,5,2001
"1512",144553,"The Builders: Middle Ages",2013,6,2013,11,2013
"1513",123096,"Space Cadets",2012,10,2012,10,2012
"1514",46255,"Campaign Manager 2008",2009,7,2009,11,2009
"1515",148203,"Dutch Blitz",1960,9,2013,5,2001
"1516",65282,"Tanto Cuore",2009,1,2010,4,2011
"1517",68182,"Isla Dorada",2010,10,2010,10,2010
"1518",71061,"DungeonQuest (Third Edition)",2010,6,2010,8,2010
"1519",13551,"Oltre Mare",2004,10,2004,10,2004
"1520",166286,"Bottom of the 9th",2015,11,2014,11,2015
"1521",62220,"Urban Sprawl",2011,5,2010,10,2011
"1522",65515,"Nuns on the Run",2010,3,2010,4,2010
"1523",214032,"Founders of Gloomhaven",2018,11,2016,5,2018
"1524",112686,"Epic Spell Wars of the Battle Wizards: Duel at Mt. Skullzfyre",2012,2,2012,2,2012
"1525",6887,"Hearts",1850,7,2003,5,2001
"1526",227072,"The Chameleon",2017,5,2017,7,2017
"1527",337,"Circus Flohcati",1998,5,2001,5,2001
"1528",128,"Take it Easy!",1983,6,2001,5,2001
"1529",114031,"Copycat",2012,4,2012,10,2012
"1530",12692,"Gloom",2005,1,2005,1,2005
"1531",98315,"The Adventurers: The Pyramid of Horus",2011,7,2011,8,2011
"1532",92190,"Super Dungeon Explore",2011,3,2011,12,2011
"1533",253664,"Taco Cat Goat Cheese Pizza",2018,5,2018,11,2019
"1534",925,"Werewolf",1986,5,2001,5,2001
"1535",118063,"Android: Infiltration",2012,6,2012,6,2012
"1536",205158,"Codenames: Deep Undercover",2016,8,2016,8,2016
"1537",125921,"Catan: Junior",2011,6,2012,6,2012
"1538",180564,"Carcassonne: Star Wars",2015,8,2015,10,2015
"1539",66171,"Dragonheart",2010,2,2010,3,2010
"1540",320,"Scrabble",1948,6,2001,5,2001
"1541",12005,"Around the World in 80 Days",2004,10,2004,11,2004
"1542",40237,"Long Shot",2009,6,2009,7,2009
"1543",35761,"Sylla",2008,10,2008,10,2008
"1544",559,"Metro",1997,5,2001,5,2001
"1545",203430,"Fuji Flush",2016,7,2016,10,2016
"1546",1295,"Pente",1977,6,2001,5,2001
"1547",88408,"Nightfall",2011,2,2011,2,2011
"1548",9027,"Oasis",2004,2,2004,3,2004
"1549",250442,"Crypt",2018,4,2018,11,2018
"1550",102237,"Drako: Dragon & Dwarves",2011,7,2011,10,2011
"1551",218311,"Deckscape: Test Time",2017,2,2017,4,2017
"1552",158339,"Lost Legacy: The Starship",2014,6,2014,7,2014
"1553",443,"Code 777",1985,11,2001,5,2001
"1554",220775,"Codenames: Disney – Family Edition",2017,2,2017,10,2017
"1555",28,"Illuminati",1987,6,2001,5,2001
"1556",99,"Fortress America",1986,6,2001,5,2001
"1557",257283,"Tiny Epic Mechs",2019,7,2018,6,2019
"1558",634,"River Dragons",2000,6,2001,5,2001
"1559",3570,"Chicken Cha Cha Cha",1997,9,2002,5,2001
"1560",21632,"To Court the King",2006,1,2006,3,2006
"1561",2596,"Villa Paletti",2001,11,2001,10,2003
"1562",1270,"Star Wars Customizable Card Game",1995,7,2001,5,2001
"1563",151247,"Greed",2014,12,2013,7,2014
"1564",255507,"Orbis",2018,6,2018,8,2018
"1565",17025,"Poison",2005,8,2005,8,2005
"1566",189052,"Sea of Clouds",2016,3,2016,4,2016
"1567",1111,"Taboo",1989,6,2001,5,2001
"1568",191004,"My First Stone Age",2016,1,2016,3,2016
"1569",27848,"Age of Conan: The Strategy Board Game",2009,6,2007,3,2009
"1570",7,"Cathedral",1978,6,2001,5,2001
"1571",40990,"Word on the Street",2009,6,2009,8,2009
"1572",154509,"Kingsport Festival",2014,8,2014,8,2014
"1573",181293,"Alien Artifacts",2017,11,2015,10,2017
"1574",15510,"Tower of Babel",2005,3,2005,4,2005
"1575",2569,"Pick Picknic",2001,2,2002,12,2003
"1576",37371,"Piece o' Cake",2008,10,2008,10,2008
"1577",280789,"Pandemic: Rapid Response",2019,5,2019,5,2019
"1578",382,"Heimlich & Co.",1984,6,2001,5,2001
"1579",638,"Hera and Zeus",2000,5,2001,5,2001
"1580",36946,"Red November",2008,8,2008,11,2008
"1581",125,"Money!",1999,6,2001,5,2001
"1582",205494,"Machi Koro: Bright Lights, Big City",2016,8,2016,8,2016
"1583",29073,"Blockers!",2007,4,2007,8,2007
"1584",132,"Caesar & Cleopatra",1997,5,2001,5,2001
"1585",67185,"Sobek",2010,9,2010,10,2010
"1586",17240,"That's Life!",2005,3,2005,5,2005
"1587",262477,"Mercado de Lisboa",2021,12,2018,1,2021
"1588",22245,"Royal Visit",2006,4,2006,4,2006
"1589",15290,"R-Eco",2003,5,2005,10,2006
"1590",65907,"Mystery Express",2010,2,2010,3,2010
"1591",191925,"Bandido",2016,9,2016,10,2017
"1592",111148,"Würfel Bohnanza",2012,1,2012,1,2012
"1593",131835,"Boss Monster: The Dungeon Building Card Game",2013,11,2012,7,2013
"1594",215463,"Tokyo Highway",2016,12,2016,8,2017
"1595",175621,"Epic Card Game",2015,3,2015,9,2015
"1596",770,"Loot",1992,4,2002,5,2001
"1597",144270,"Relic Runners",2013,8,2013,10,2013
"1598",10997,"Boomtown",2004,8,2004,10,2004
"1599",4209,"Monza",2000,1,2004,5,2001
"1600",4218,"O Zoo le Mio",2002,10,2002,7,2003
"1601",217,"A la carte",1989,8,2001,5,2001
"1602",180956,"One Night Ultimate Vampire",2016,8,2015,10,2015
"1603",40381,"Modern Art Card Game",2008,4,2009,4,2009
"1604",214293,"Mountains of Madness",2017,12,2016,8,2017
"1605",234396,"Muse",2017,8,2017,10,2017
"1606",3085,"Gang of Four",1990,2,2003,5,2001
"1607",17053,"Sleeping Queens",2005,5,2005,7,2006
"1608",949,"Twixt",1962,6,2001,5,2001
"1609",4192,"Warhammer: The Mass Combat Fantasy Roleplaying Game (1st Edition)",1983,11,2002,5,2001
"1610",15318,"Palazzo",2005,5,2005,6,2005
"1611",8107,"Risk: The Lord of the Rings Trilogy Edition",2003,11,2003,12,2003
"1612",231280,"Harvest Dice",2017,8,2017,10,2017
"1613",16366,"Funny Friends",2005,4,2005,6,2005
"1614",4394,"The Settlers of the Stone Age",2002,10,2002,2,2003
"1615",4491,"Cave Troll",2002,2,2003,2,2003
"1616",257759,"The River",2018,8,2018,10,2018
"1617",62871,"Zombie Dice",2010,12,2009,5,2010
"1618",224272,"Hellapagos",2017,7,2017,11,2017
"1619",201248,"Evolution: The Beginning",2016,6,2016,8,2016
"1620",39206,"Tac Tac Jack",2008,10,2008,6,2011
"1621",1042,"Dragon's Gold",2001,6,2001,6,2002
"1622",105593,"Cheating Moth",2011,10,2011,10,2012
"1623",37120,"Pack & Stack",2008,9,2008,10,2008
"1624",40398,"Monopoly Deal Card Game",2008,1,2009,2,2009
"1625",81453,"Famiglia",2010,10,2010,10,2010
"1626",245271,"Forbidden Sky",2018,1,2018,8,2018
"1627",80771,"Dungeon Raiders",2011,1,2011,6,2011
"1628",103649,"The City",2011,9,2011,9,2011
"1629",157789,"Pandemic: Contagion",2014,6,2014,8,2014
"1630",139899,"VivaJava: The Coffee Game: The Dice Game",2014,3,2013,6,2014
"1631",90305,"Cargo Noir",2011,1,2011,2,2011
"1632",21791,"Masons",2006,3,2006,3,2006
"1633",37196,"Sorry! Sliders",2008,6,2008,8,2008
"1634",162,"The Awful Green Things From Outer Space",1979,5,2001,5,2001
"1635",16991,"Khet: The Laser Game",2005,6,2005,10,2005
"1636",5867,"10 Days in Europe",2002,4,2003,12,2004
"1637",987,"Kingmaker",1974,6,2001,5,2001
"1638",66587,"GOSU",2010,5,2010,9,2010
"1639",17161,"Tempus",2006,8,2005,6,2006
"1640",256,"Mississippi Queen",1997,6,2001,5,2001
"1641",18866,"Shear Panic",2005,9,2005,10,2005
"1642",23107,"Drakon (Third Edition)",2006,9,2006,10,2006
"1643",91523,"Mondo",2011,2,2011,3,2011
"1644",153,"Take 5!",1998,7,2001,5,2001
"1645",191572,"Animals on Board",2016,3,2016,4,2016
"1646",192455,"First Martians: Adventures on the Red Planet",2017,1,2016,7,2017
"1647",25261,"Tannhäuser",2007,12,2006,8,2007
"1648",19841,"Pentago",2005,11,2005,12,2006
"1649",2381,"Scattergories",1988,10,2001,5,2001
"1650",164812,"Roll For It! Deluxe Edition",2014,8,2014,11,2014
"1651",112373,"BraveRats",2011,11,2011,5,2014
"1652",193621,"Joking Hazard",2016,4,2016,10,2016
"1653",37400,"Sushizock im Gockelwok",2008,8,2008,8,2008
"1654",632,"Cloud 9",1999,5,2001,5,2001
"1655",173200,"Epic Spell Wars of the Battle Wizards: Rumble at Castle Tentakill",2015,5,2015,5,2015
"1656",168679,"Flip City",2014,11,2014,6,2015
"1657",216439,"Trash Pandas",2017,1,2017,7,2018
"1658",117960,"Saint Malo",2012,2,2012,10,2012
"1659",714,"Talisman",1983,5,2001,5,2001
"1660",122,"Quo Vadis?",1992,6,2001,5,2001
"1661",178570,"Unusual Suspects",2015,6,2015,10,2015
"1662",102104,"Star Fluxx",2011,7,2011,11,2012
"1663",1293,"Boggle",1972,6,2001,5,2001
"1664",175,"What the Heck?",1988,6,2001,5,2001
"1665",7866,"10 Days in the USA",2003,1,2004,6,2004
"1666",16216,"Carcassonne: The Discovery",2005,4,2005,9,2005
"1667",27356,"Portobello Market",2007,1,2007,2,2007
"1668",32441,"Bezzerwizzer",2007,11,2007,10,2009
"1669",32116,"Airships",2007,10,2007,10,2007
"1670",200847,"Secrets",2017,2,2017,8,2017
"1671",1260,"Rook",1906,6,2001,5,2001
"1672",34615,"New World: A Carcassonne Game",2008,8,2008,8,2008
"1673",3439,"HeroClix",2002,7,2002,4,2003
"1674",255664,"The Binding of Isaac: Four Souls",2018,7,2018,12,2018
"1675",2165,"Pokémon Trading Card Game",1996,8,2001,5,2001
"1676",34373,"Tiki Topple",2008,4,2008,9,2008
"1677",6068,"Queen's Necklace",2003,4,2003,5,2003
"1678",128664,"Timeline",2012,8,2012,8,2012
"1679",8170,"Return of the Heroes",2003,11,2003,12,2003
"1680",184346,"Go Nuts for Donuts",2017,9,2015,7,2017
"1681",23686,"Gift Trap",2006,7,2006,9,2006
"1682",265,"Intrigue",1994,6,2001,5,2001
"1683",520,"Axis & Allies: Europe",1999,7,2001,5,2001
"1684",274533,"Throw Throw Burrito",2019,3,2019,7,2019
"1685",4249,"Trias",2002,10,2002,5,2003
"1686",197831,"Dark Souls: The Board Game",2017,4,2016,4,2017
"1687",4174,"Lifeboat",2002,2,2003,11,2007
"1688",2162,"Warhammer 40,000 (Third Edition)",1998,8,2001,5,2001
"1689",1917,"Stratego",1946,7,2001,5,2001
"1690",30539,"Get Bit!",2007,7,2007,7,2008
"1691",25951,"The Castle of the Devil",2010,10,2006,10,2006
"1692",20545,"Rory's Story Cubes",2005,6,2010,12,2010
"1693",7806,"King Up!",2004,10,2003,10,2003
"1694",14808,"Marvel Heroes",2006,10,2006,10,2006
"1695",172242,"Exploding Kittens: NSFW Deck",2015,2,2015,8,2015
"1696",815,"Chrononauts",2000,6,2001,5,2001
"1697",257,"Kill Doctor Lucky",1996,6,2001,5,2001
"1698",17449,"Beowulf: The Legend",2005,8,2005,8,2005
"1699",8924,"Dancing Eggs",2003,2,2004,11,2005
"1700",2795,"Car Wars",1981,1,2002,5,2001
"1701",251420,"Choose Your Own Adventure: House of Danger",2018,4,2018,7,2018
"1702",437,"Master Labyrinth",1991,6,2001,5,2001
"1703",152237,"Pairs",2014,1,2014,10,2014
"1704",138788,"Dungeon Roll",2013,3,2013,8,2013
"1705",155708,"Tiny Epic Defenders",2015,5,2014,2,2015
"1706",2389,"Othello",1883,10,2001,5,2001
"1707",2582,"Catch Phrase!",1994,3,2002,5,2001
"1708",10081,"Axis & Allies: D-Day",2004,5,2004,5,2004
"1709",234190,"Unstable Unicorns",2017,8,2017,12,2017
"1710",118247,"Lucky Numbers",2012,3,2012,9,2020
"1711",943,"Ligretto",1988,3,2002,5,2001
"1712",108044,"Nefarious",2011,9,2011,10,2011
"1713",270836,"Imperial Settlers: Roll & Write",2019,3,2019,5,2019
"1714",214,"Café International",1989,5,2001,5,2001
"1715",147116,"The Witcher Adventure Game",2014,1,2014,11,2014
"1716",3837,"Rat-a-Tat Cat",1995,8,2002,5,2001
"1717",25071,"Munchkin Cthulhu",2007,4,2007,4,2007
"1718",1038,"Tantrix",1991,9,2001,5,2001
"1719",99875,"Martian Dice",2011,7,2011,10,2011
"1720",148261,"SeaFall",2016,9,2013,9,2016
"1721",34127,"Ticket to Ride: The Card Game",2008,4,2008,4,2008
"1722",2375,"Sequence",1982,10,2001,5,2001
"1723",34599,"Toledo",2008,2,2008,2,2008
"1724",225885,"Unbroken",2018,5,2017,6,2019
"1725",6795,"Battleball",2003,7,2003,8,2003
"1726",713,"Nuclear War",1965,6,2001,5,2001
"1727",9028,"Tongiaki: Journey into the Unknown",2004,2,2004,2,2004
"1728",908,"Tally Ho!",1973,5,2001,5,2001
"1729",38194,"Cheaty Mages!",2008,10,2008,10,2008
"1730",700,"Battle Masters",1992,6,2001,5,2001
"1731",167698,"Magic: The Gathering – Arena of the Planeswalkers",2015,10,2014,7,2015
"1732",32341,"Cockroach Salad",2007,10,2007,10,2007
"1733",10383,"Risk: Godstorm",2004,7,2004,7,2004
"1734",86955,"Munchkin Zombies",2011,3,2011,3,2011
"1735",129090,"Roll For It!",2011,4,2013,11,2013
"1736",172225,"Exploding Kittens",2015,1,2015,8,2015
"1737",170,"Family Business",1982,6,2001,5,2001
"1738",36345,"Monty Python Fluxx",2008,10,2008,10,2008
"1739",230251,"Mint Delivery",2017,8,2017,7,2018
"1740",859,"Illuminati",1982,6,2001,5,2001
"1741",22198,"Great Wall of China",2006,3,2006,8,2006
"1742",4095,"Star Munchkin",2002,9,2002,7,2003
"1743",4529,"Hellas",2002,12,2002,4,2003
"1744",73538,"Pirate Fluxx",2011,7,2010,2,2011
"1745",91534,"Struggle for Catan",2011,2,2011,2,2011
"1746",339,"Quiddler",1998,11,2001,5,2001
"1747",18803,"Black Stories",2004,10,2005,12,2008
"1748",71021,"Evolution: The Origin of Species",2010,5,2010,7,2011
"1749",6707,"Age of Mythology: The Boardgame",2003,9,2003,9,2003
"1750",4471,"Fist of Dragonstones",2002,1,2003,1,2003
"1751",3243,"Wooly Wars",2002,4,2002,7,2003
"1752",282171,"Trial by Trolley",2020,8,2019,1,2020
"1753",5576,"Dungeoneer: Tomb of the Lich Lord",2003,2,2003,3,2003
"1754",122159,"Cthulhu Fluxx",2012,7,2012,7,2012
"1755",7479,"WarCraft: The Board Game",2003,10,2003,11,2003
"1756",31920,"Munchkin Booty",2008,8,2008,10,2008
"1757",2448,"Kalah",700,10,2001,5,2001
"1758",29294,"World of Warcraft: The Adventure Game",2008,10,2007,7,2008
"1759",29387,"Zombie Fluxx",2007,10,2007,10,2007
"1760",137909,"Bugs in the Kitchen",2013,3,2013,4,2013
"1761",1472,"Five Crowns",1996,6,2001,5,2001
"1762",194232,"Rick and Morty: Total Rickall Card Game",2016,6,2016,7,2016
"1763",69552,"Panic Station",2011,4,2010,10,2011
"1764",10934,"The Game of Things",2002,4,2004,12,2008
"1765",1339,"Dungeon!",1975,6,2001,5,2001
"1766",10653,"Pirates of the Spanish Main",2004,7,2004,8,2004
"1767",37198,"Risk (Revised Edition)",2008,6,2008,8,2008
"1768",4324,"Risk: The Lord of the Rings",2002,10,2002,1,2003
"1769",17835,"Monsters Menace America",2005,4,2005,5,2005
"1770",1899,"13 Dead End Drive",1993,8,2001,5,2001
"1771",12194,"Munchkin Bites!",2004,10,2004,11,2004
"1772",1275,"221B Baker Street: The Master Detective Game",1975,5,2001,5,2001
"1773",2281,"Pictionary",1985,9,2001,5,2001
"1774",1927,"Munchkin",2001,8,2001,1,2002
"1775",130592,"Clue",2012,9,2013,1,2018
"1776",1197,"Blink",1995,6,2001,5,2001
"1777",74,"Apples to Apples",1999,5,2001,5,2001
"1778",18723,"Aye, Dark Overlord! The Red Box",2005,6,2005,8,2007
"1779",1475,"Careers",1955,6,2001,5,2001
"1780",16933,"Super Munchkin",2005,7,2005,12,2005
"1781",917,"Rack-O",1956,7,2001,5,2001
"1782",6607,"Munchkin Fu",2003,8,2003,11,2004
"1783",29678,"Munchkin Quest",2008,12,2007,11,2008
"1784",176,"Give Me the Brain!",1996,6,2001,5,2001
"1785",258244,"Discover: Lands Unknown",2018,8,2018,10,2018
"1786",50381,"Cards Against Humanity",2009,10,2009,6,2011
"1787",139443,"Superfight",2013,11,2013,7,2014
"1788",2944,"Halli Galli",1990,2,2002,5,2001
"1789",27710,"Catan Dice Game",2007,3,2007,3,2007
"1790",1515,"Upwords",1982,6,2001,5,2001
"1791",2471,"Zombies!!!",2001,10,2001,8,2002
"1792",11634,"Mexican Train",1994,5,2004,5,2001
"1793",938,"Enchanted Forest",1981,6,2001,5,2001
"1794",590,"Mille Bornes",1954,6,2001,5,2001
"1795",553,"Chez Geek",1999,5,2001,5,2001
"1796",891,"Cranium",1998,5,2001,5,2001
"1797",1294,"Clue",1949,5,2001,5,2001
"1798",258,"Fluxx",1997,6,2001,5,2001
"1799",2452,"Jenga",1983,10,2001,5,2001
"1800",115105,"Kittens in a Blender",2011,12,2011,12,2011
"1801",2392,"Mastermind",1971,10,2001,5,2001
"1802",228,"Lunch Money",1996,6,2001,5,2001
"1803",3181,"Farkle",1996,1,2004,5,2001
"1804",3633,"Sid Meier's Civilization: The Boardgame",2002,10,2002,10,2002
"1805",333,"Waterworks",1972,6,2001,5,2001
"1806",2394,"Dominoes",1500,10,2001,5,2001
"1807",1269,"Skip-Bo",1967,7,2001,5,2001
"1808",181,"Risk",1959,5,2001,5,2001
"1809",86073,"5 Second Rule",2010,11,2010,11,2014
"1810",1502,"Hotel Tycoon",1974,8,2001,5,2001
"1811",31016,"We Didn't Playtest This At All",2007,7,2007,8,2008
"1812",2243,"Yahtzee",1956,9,2001,5,2001
"1813",3699,"Killer Bunnies and the Quest for the Magic Carrot",2002,8,2002,6,2004
"1814",2593,"Pass the Pigs",1977,11,2001,5,2001
"1815",211534,"Bears vs Babies",2017,11,2016,6,2017
"1816",4040,"Tri-Ominos",1965,9,2002,5,2001
"1817",2223,"UNO",1971,9,2001,5,2001
"1818",19370,"Quelf",2005,11,2005,3,2007
"1819",65611,"Cthulhu Dice",2010,3,2010,5,2010
"1820",226610,"What Do You Meme?",2016,5,2017,11,2017
"1821",2952,"Trivial Pursuit: Genus Edition",1981,2,2002,5,2001
"1822",2386,"Chinese Checkers",1893,10,2001,5,2001
"1823",1258,"Phase 10",1982,6,2001,5,2001
"1824",1797,"Pay Day",1975,7,2001,5,2001
"1825",7688,"Memory",1959,9,2003,5,2001
"1826",2719,"Connect Four",1974,1,2002,5,2001
"1827",2083,"Checkers",1150,8,2001,5,2001
"1828",4143,"Guess Who?",1979,9,2002,5,2001
"1829",6424,"Pick Up Sticks",1850,5,2003,5,2001
"1830",5894,"Twister",1966,3,2003,5,2001
"1831",2425,"Battleship",1931,10,2001,5,2001
"1832",2136,"Pachisi",400,8,2001,5,2001
"1833",2407,"Sorry!",1929,11,2001,5,2001
"1834",5895,"Hungry Hungry Hippos",1978,3,2003,5,2001
"1835",205322,"The Oregon Trail Card Game",2016,8,2016,8,2016
"1836",2679,"Mouse Trap",1963,12,2001,5,2001
"1837",3737,"Operation",1965,8,2002,5,2001
"1838",3522,"LCR",1983,6,2002,5,2001
"1839",2921,"The Game of Life",1960,1,2002,5,2001
"1840",1410,"Trouble",1965,7,2001,5,2001
"1841",1406,"Monopoly",1935,5,2001,5,2001
"1842",7316,"Bingo",1530,8,2003,5,2001
"1843",5048,"Candy Land",1949,12,2002,5,2001
"1844",5432,"Chutes and Ladders",200,6,2003,5,2001
"1845",11901,"Tic-Tac-Toe",1300,5,2004,5,2001
